user_id,name,district,join_date,role,typical_amount,active_hours,device_id
U00000,Mitu Begum,Chattogram,2025-09-08,customer,1040.07,"7,10,11,18",Ddd1f0b50
U00001,Shakib Sultana,Dhaka,2025-08-20,customer,587.32,"7,8,10,13,15,16,18,21",Df2fd220a
U00002,Mitu Rahman,Narayanganj,2025-10-18,customer,538.76,"13,15,17,18,21",D4a0dcce6
U00003,Nabila Akter,Sylhet,2026-03-12,merchant,538.76,"9,18,19,21",Daa2d937f
U00004,Ayesha Akter,Barishal,2026-05-14,customer,2755.33,"8,12,13,19,21",Dd4684887
U00005,Imran Ahmed,Comilla,2025-09-26,vendor,1327.02,"7,8,14,15,18,19",Dc17af651
U00006,Shirin Ahmed,Rajshahi,2026-03-04,customer,435.93,"7,8,10,12,16,17,20,21",Dde4de201
U00007,Lima Begum,Barishal,2025-05-15,customer,1083.88,"11,13,14,17",D2451e85d
U00008,Fatema Sultana,Khulna,2026-02-01,customer,826.97,"11,17,18,19,21",D38a9c781
U00009,Dolly Khan,Barishal,2025-11-01,customer,118.87,"9,11,13,14,17",D569d274a
U00010,Imran Hossain,Chattogram,2025-05-27,customer,267.32,"7,10,12,20",D69f6f764
U00011,Jahid Hossain,Khulna,2026-04-15,customer,882.56,"10,12,13,14,16,17,18,21",D5119b091
U00012,Mitu Begum,Comilla,2026-03-28,customer,2487.63,"11,12,13,15,16,17,18,19",D651ed4d9
U00013,Nasrin Chowdhury,Narayanganj,2025-11-22,customer,542.83,"7,8,9,19",D51b67a21
U00014,Ayesha Uddin,Sylhet,2026-06-30,customer,407.51,"7,11,13,14,15,16,18",Dca56f1be
U00015,Rafiq Uddin,Khulna,2025-07-04,customer,734.97,"7,8,9,11,13,14",Deba03c46
U00016,Shakib Sultana,Rajshahi,2025-11-15,customer,387.39,"11,17,20,21",D46eb12f2
U00017,Tanvir Rahman,Dhaka,2026-05-15,customer,511.57,"7,9,15,16,19,21",Dc3b34eaf
U00018,Mitu Sultana,Chattogram,2026-06-05,customer,657.11,"7,10,11,19,20,21",D8b4fe842
U00019,Dolly Begum,Sylhet,2026-06-19,merchant,256.74,"8,9,14,15,17,19,20",Df4cdc6b8
U00020,Hasan Uddin,Mymensingh,2025-11-04,customer,1394.5,"10,11,12,13,15,18,20,21",D40a5ab44
U00021,Dolly Khan,Narayanganj,2026-06-01,customer,221.68,"7,8,10,12,16",D692d27e6
U00022,Mitu Ahmed,Dhaka,2026-04-11,vendor,201.27,"7,8,17,18",D41ce813e
U00023,Sabbir Uddin,Khulna,2025-05-18,customer,794.07,"8,10,11,14,15,17",D1f396811
U00024,Nabila Akter,Rangpur,2025-07-27,customer,1292.87,"8,10,13,14,15,16,19,20",Dccf124c4
U00025,Imran Akter,Chattogram,2026-01-03,customer,776.06,"7,8,17,18,19,20,21",D6ac2b9b9
U00026,Nasrin Hossain,Mymensingh,2026-03-27,customer,599.39,"9,10,13,14,15",D6b88d030
U00027,Karim Uddin,Dhaka,2026-03-27,customer,507.25,"8,14,15,19",D680508b2
U00028,Nabila Rahman,Mymensingh,2025-03-23,customer,439.41,"9,10,19,21",D38dd4e11
U00029,Hasan Hossain,Rangpur,2026-04-14,customer,1722.29,"7,9,11,13,18,20,21",D97c14328
U00030,Masud Uddin,Dhaka,2025-08-10,customer,890.4,"7,9,10,11,14,17,18,21",Dc7c98d15
U00031,Nasrin Islam,Comilla,2025-07-15,vendor,470.33,"7,14,15,16,17,21",D93d05f98
U00032,Imran Ahmed,Narayanganj,2026-06-21,customer,361.68,"8,10,16,17,21",D6f54adf8
U00033,Rafiq Khan,Barishal,2026-03-28,customer,1153.45,"7,8,12,13,15,16,19,21",Ddec3e40a
U00034,Tanvir Ahmed,Dhaka,2026-04-01,customer,1682.27,"9,11,13,14,17,19",Dad5783c6
U00035,Lima Ahmed,Rajshahi,2025-12-10,customer,1537.87,"8,9,10,11,15,16,18,20",D51c4fd17
U00036,Shakib Islam,Comilla,2026-01-24,merchant,312.53,"9,11,14,15,16,18",D028d1c46
U00037,Ayesha Uddin,Khulna,2026-03-01,customer,503.56,"8,9,11,21",D625b9807
U00038,Shakib Rahman,Sylhet,2026-03-15,customer,432.14,"10,11,12,16,18,20",Da789f6a9
U00039,Karim Islam,Barishal,2025-04-25,customer,562.79,"8,11,13,17",Dc179991c
U00040,Dolly Chowdhury,Comilla,2025-07-03,merchant,1381.98,"9,11,14,17,18",Dfa196c5f
U00041,Karim Akter,Narayanganj,2026-07-28,customer,2254.35,"8,9,15,18",Deb090c8f
U00042,Karim Akter,Rajshahi,2025-10-23,customer,921.01,"7,9,11,12,13",D05a4ca4f
U00043,Shila Begum,Rajshahi,2025-08-17,customer,372.19,"8,12,13,15,17",D2acf1aaf
U00044,Nasrin Akter,Rangpur,2025-05-16,customer,644.04,"7,9,13,19,21",D6c9bfb1f
U00045,Imran Islam,Mymensingh,2025-06-17,customer,2719.43,"8,9,11,18,19",D7a5c3c49
U00046,Mitu Islam,Rajshahi,2026-04-10,customer,719.35,"10,11,12,14,20",Dc4db3739
U00047,Imran Uddin,Barishal,2026-01-09,customer,508.21,"8,11,12,15,20,21",D1cd53028
U00048,Rafiq Islam,Chattogram,2025-04-08,customer,545.82,"8,9,11,16",D94367cfa
U00049,Ayesha Chowdhury,Narayanganj,2025-09-30,customer,917.27,"12,13,15,16,18,19,21",D1c258e9e
U00050,Sabbir Akter,Rangpur,2026-04-26,vendor,321.29,"7,13,15,17,18,21",Dfc1c7765
U00051,Shirin Chowdhury,Barishal,2026-06-27,customer,423.44,"8,11,12,15,16,17",D12eb2621
U00052,Nasrin Sultana,Narayanganj,2026-01-07,customer,1516.05,"9,10,13,15,17,18",D76b0722c
U00053,Masud Sultana,Barishal,2026-02-28,customer,894.15,"7,10,11,13,15,18,20",Dc3348bf6
U00054,Shirin Uddin,Narayanganj,2025-12-06,customer,725.87,"8,9,10,14,15,17,21",D607268a1
U00055,Shirin Khan,Rajshahi,2026-02-11,merchant,1590.46,"10,17,19,20",D10a36a43
U00056,Fatema Rahman,Rangpur,2026-05-18,customer,353.6,"7,10,14,16",D4688c094
U00057,Rahim Ahmed,Rangpur,2025-05-05,customer,495.27,"9,10,13,14,18,19,20,21",D8cede4bd
U00058,Dolly Khan,Chattogram,2026-04-11,customer,868.27,"7,14,15,18,19",D267bdb75
U00059,Shila Akter,Mymensingh,2025-12-11,customer,841.3,"14,15,17,18,19",Df07fabf4
U00060,Mitu Hossain,Comilla,2025-09-22,customer,186.08,"9,11,13,14,15,16,18,20",D70c2e2cb
U00061,Mitu Hossain,Barishal,2025-11-26,customer,455.51,"8,11,14,18,21",Db95eefa0
U00062,Nabila Chowdhury,Barishal,2026-02-19,customer,575.27,"8,9,10,13,18,19,20,21",D963b88d9
U00063,Masud Chowdhury,Mymensingh,2025-10-28,customer,956.85,"7,10,13,16,18,20,21",D6b55cdd4
U00064,Shila Khan,Mymensingh,2026-07-29,vendor,838.65,"11,13,15,17,19,20",D5df41080
U00065,Nasrin Rahman,Khulna,2026-04-11,customer,622.04,"7,12,13,14,18,21",D2a6a8c37
U00066,Jahid Rahman,Khulna,2025-09-17,customer,118.29,"7,8,13,16,17,19,20,21",Daea48dd0
U00067,Imran Hossain,Rangpur,2026-07-07,customer,649.46,"10,12,13,14,17,20",Dfda2092f
U00068,Karim Akter,Rajshahi,2026-03-25,customer,702.19,"7,14,15,18",D0d39cfac
U00069,Mitu Khan,Dhaka,2025-09-03,customer,6105.33,"7,17,19,21",Dad5c1eb2
U00070,Masud Khan,Mymensingh,2025-09-17,customer,559.41,"8,9,10,14,17",De55ba5e5
U00071,Nasrin Hossain,Chattogram,2025-08-08,customer,872.53,"8,9,12,16,18,19",D3f8e623b
U00072,Imran Chowdhury,Rajshahi,2025-10-09,customer,1860.39,"11,16,17,21",D83281b6c
U00073,Lima Uddin,Rangpur,2026-06-24,customer,1308.63,"7,8,10,11,17,18,19,20",Da896fcb8
U00074,Ruma Ahmed,Rangpur,2025-08-28,customer,2350.81,"7,8,12,13,15,17",D03c3cbdb
U00075,Nasrin Uddin,Sylhet,2025-03-28,customer,188.36,"9,13,14,17,18,20",Dcfcb3065
U00076,Fatema Hossain,Mymensingh,2025-09-20,customer,272.74,"10,11,12,13,14,16,19,20",Dee8eeb03
U00077,Tanvir Begum,Mymensingh,2026-03-30,customer,399.55,"7,12,13,14,16,17,21",Dc810984b
U00078,Dolly Islam,Comilla,2026-04-15,customer,164.75,"11,12,16,18,19,20",D5c21f852
U00079,Dolly Khan,Mymensingh,2025-04-03,customer,707.48,"8,10,13,14,18",Dbec2bc53
U00080,Mitu Hossain,Narayanganj,2025-09-05,vendor,290.77,"7,8,10,11,13,14,19",D8bf84bda
U00081,Hasan Hossain,Sylhet,2026-01-25,customer,2683.67,"12,13,15,16,19,20,21",D6a06b458
U00082,Dolly Begum,Rajshahi,2026-03-26,vendor,328.68,"8,10,12,18,21",D96e52eb8
U00083,Sabbir Hossain,Rajshahi,2026-04-13,merchant,497.77,"8,11,15,16,18,19,21",D15b42384
U00084,Rafiq Islam,Dhaka,2026-01-29,customer,1383.21,"7,9,11,15,18",D64ea549e
U00085,Masud Hossain,Mymensingh,2025-10-22,customer,219.69,"7,8,9,14,17,18",Dc5750e40
U00086,Imran Rahman,Chattogram,2025-11-29,customer,156.53,"7,8,9,11,12,14,16",Df006947a
U00087,Shirin Ahmed,Rajshahi,2025-10-10,merchant,785.38,"9,16,19,21",D74b1df15
U00088,Hasan Rahman,Sylhet,2026-06-02,customer,840.41,"10,13,15,16,18,19,20,21",D0d439e9c
U00089,Sabbir Hossain,Chattogram,2025-05-18,customer,1344.32,"7,8,10,11,13,16,18,19",D674254c9
U00090,Nabila Rahman,Narayanganj,2026-05-13,merchant,1063.95,"7,8,9,15,21",D10425718
U00091,Fatema Khan,Sylhet,2025-12-04,customer,868.95,"7,10,11,14,18,19",D210de253
U00092,Rafiq Begum,Chattogram,2025-06-24,customer,360.68,"8,9,10,13,15,17,19,20",D6417e3f2
U00093,Shirin Rahman,Chattogram,2026-07-02,merchant,819.77,"11,16,18,19,21",D45adc865
U00094,Hasan Ahmed,Narayanganj,2025-12-05,customer,865.9,"11,13,14,15,18,21",Db2bf5a90
U00095,Masud Sultana,Dhaka,2026-07-12,customer,349.7,"7,8,10,11,12,16,18",D995f3ce1
U00096,Hasan Hossain,Khulna,2025-07-06,customer,3565.99,"7,9,14,15,16,19",Def67a94f
U00097,Tanvir Akter,Chattogram,2025-10-06,customer,1018.87,"8,12,13,14,17,19,20",Dc95a944f
U00098,Imran Uddin,Dhaka,2025-05-19,customer,276.66,"11,12,13,14,18",D17cb9ba0
U00099,Imran Uddin,Dhaka,2025-12-12,customer,1350.7,"8,11,12,21",D5f4999ef
U00100,Karim Khan,Sylhet,2025-08-30,customer,1582.94,"7,10,12,13,14,15,17,21",D56542e81
U00101,Ayesha Islam,Narayanganj,2025-10-24,customer,964.4,"11,14,18,19,21",Daa933ae0
U00102,Dolly Chowdhury,Chattogram,2025-06-18,customer,533.34,"7,9,11,15,18",D5ea72f15
U00103,Ruma Hossain,Comilla,2026-04-08,customer,337.52,"8,9,14,17",D8bab2557
U00104,Dolly Begum,Rangpur,2025-08-05,merchant,620.55,"10,13,14,18,19,20",D09c9c280
U00105,Rahim Hossain,Sylhet,2026-04-26,customer,904.19,"8,9,11,12,13,15,17,18",D9d8bab9a
U00106,Tanvir Uddin,Comilla,2025-05-30,customer,672.97,"9,12,14,15,16,17,19,20",Ddc79caa4
U00107,Mitu Chowdhury,Dhaka,2026-01-20,customer,2460.65,"10,12,13,16,18,19,21",Dd9955fd5
U00108,Karim Begum,Comilla,2026-02-20,customer,1168.06,"9,13,14,17,18,19,20",Dd45ca3dc
U00109,Jahid Chowdhury,Khulna,2025-03-25,customer,307.53,"7,8,12,14,15,18,19,20",Dd39215f3
U00110,Dolly Chowdhury,Barishal,2026-06-24,vendor,253.71,"8,11,12,13,16,19,21",Dffd7fe9e
U00111,Mitu Ahmed,Rangpur,2025-09-15,vendor,1026.82,"7,8,10,11,15,16,20",D65474c9d
U00112,Hasan Begum,Sylhet,2025-03-19,customer,543.96,"8,17,18,19",D5cace687
U00113,Shirin Akter,Barishal,2025-04-26,vendor,1264.71,"7,12,19,21",Df2579114
U00114,Nasrin Begum,Khulna,2025-12-24,vendor,1018.32,"10,13,15,16,17",D3b5af2c3
U00115,Hasan Hossain,Mymensingh,2026-06-22,merchant,622.94,"9,10,13,14,16,17,18,20",D512838e1
U00116,Dolly Begum,Chattogram,2026-03-24,merchant,310.41,"11,14,19,21",De5b41623
U00117,Shirin Khan,Rangpur,2025-12-18,customer,170.14,"11,13,14,16,17,20",Df288d268
U00118,Shirin Islam,Rangpur,2025-05-22,vendor,806.48,"8,10,11,12,13,16,18",D8e6604e8
U00119,Karim Sultana,Mymensingh,2026-03-14,customer,216.77,"16,17,18,20",D56a15f39
U00120,Sabbir Sultana,Sylhet,2025-06-01,customer,300.22,"10,12,16,19,20,21",De2b71347
U00121,Shirin Rahman,Dhaka,2025-08-19,vendor,763.84,"7,8,17,19,21",D5db09bfb
U00122,Nasrin Khan,Khulna,2025-10-09,merchant,700.92,"8,9,11,12,13,18",D495477dd
U00123,Shirin Akter,Chattogram,2025-06-25,customer,237.78,"9,11,12,14,15,17,19,21",Deeb3c784
U00124,Imran Uddin,Barishal,2025-12-05,customer,1762.95,"9,10,17,19",D67242249
U00125,Masud Chowdhury,Barishal,2026-06-16,customer,1717.15,"7,8,11,12,14,15,20",Dac124ae9
U00126,Shila Khan,Chattogram,2026-06-07,merchant,1057.36,"7,12,14,15,16",Da57b6cff
U00127,Karim Islam,Sylhet,2025-09-10,merchant,1056.17,"8,9,11,13,17,18,21",Db7a7b976
U00128,Imran Rahman,Barishal,2025-11-22,customer,1057.37,"8,9,10,15",Dcb5743b3
U00129,Shila Chowdhury,Sylhet,2025-08-23,customer,21321.23,"8,9,13,14,16,18,19,21",D2def77e8
U00130,Lima Uddin,Barishal,2026-07-16,merchant,1569.64,"8,10,12,14,20,21",Dce9a79af
U00131,Karim Akter,Rajshahi,2026-07-01,customer,1195.42,"7,8,10,11,14,19,20",D89c02305
U00132,Tanvir Begum,Narayanganj,2026-05-29,customer,331.78,"8,10,15,16,17,18,19,21",D41c4be04
U00133,Ayesha Islam,Khulna,2026-07-31,customer,537.46,"9,11,15,19,20,21",D3bfdc128
U00134,Nasrin Hossain,Dhaka,2026-07-25,customer,5341.13,"7,10,12,16,19,21",D02de9adf
U00135,Shakib Sultana,Chattogram,2026-05-29,customer,123.9,"8,12,14,15,17,18,20",D6c08a626
U00136,Rahim Islam,Mymensingh,2025-12-13,customer,434.96,"7,10,11,14,15,16,17,18",D76f297df
U00137,Tanvir Sultana,Khulna,2025-05-25,customer,1772.34,"8,13,14,16,17,18,19",D90a19672
U00138,Tanvir Chowdhury,Narayanganj,2026-06-29,customer,349.4,"11,15,16,17,20",Dee9af92d
U00139,Dolly Khan,Rangpur,2025-11-03,customer,1226.15,"8,13,14,15,16,17",D09a6f3ad
U00140,Ayesha Akter,Rangpur,2025-12-13,customer,692.99,"12,13,14,18,21",Df7dc0b4e
U00141,Fatema Ahmed,Rangpur,2026-02-22,customer,370.02,"8,9,12,14,17,19",D7c853094
U00142,Dolly Akter,Chattogram,2026-06-13,customer,107.49,"7,9,15,16,19,21",D84745c37
U00143,Shila Hossain,Barishal,2026-01-03,customer,786.67,"7,11,13,17,19,20",Dba0f4516
U00144,Dolly Akter,Chattogram,2026-06-09,customer,325.95,"8,9,10,12,14,15,17,20",Debc03025
U00145,Shila Uddin,Dhaka,2025-07-07,vendor,599.88,"10,13,15,16,19,21",Dfc2d1dc4
U00146,Lima Islam,Khulna,2025-09-24,customer,1047.84,"7,9,11,12,18,19",D0d836467
U00147,Rahim Ahmed,Comilla,2025-05-13,customer,1449.8,"8,9,13,16,17",D4b562682
U00148,Masud Sultana,Chattogram,2026-04-13,customer,433.79,"9,11,12,13,14,17,19",D1acbc422
U00149,Karim Ahmed,Sylhet,2025-05-06,customer,369.45,"9,16,19,21",Dc8c8e039
U00150,Ayesha Akter,Rangpur,2025-12-18,vendor,213.83,"10,11,13,14,15,16,21",D427fc275
U00151,Karim Khan,Rangpur,2026-06-06,customer,1519.41,"11,14,15,16,17,21",D01a12e0c
U00152,Jahid Hossain,Sylhet,2025-09-29,customer,4491.49,"7,10,11,20",D16340c5b
U00153,Nasrin Begum,Rangpur,2026-02-15,customer,1684.49,"7,13,14,18",D7f9c0760
U00154,Imran Islam,Rangpur,2025-11-02,customer,2080.2,"8,12,15,17,21",De7034984
U00155,Nabila Hossain,Chattogram,2026-07-23,customer,351.81,"8,12,13,16,17,18,21",Def7ca789
U00156,Hasan Akter,Chattogram,2026-01-06,customer,991.72,"9,12,16,19",D9f9d6d55
U00157,Shakib Ahmed,Rangpur,2025-12-21,customer,1335.65,"10,13,16,20",D48b6286e
U00158,Shakib Ahmed,Comilla,2025-05-13,customer,50.0,"8,9,10,12,18,20",Dda6ddda2
U00159,Jahid Khan,Chattogram,2025-11-13,customer,264.56,"12,17,19,20,21",Dafcb66b9
U00160,Nasrin Rahman,Mymensingh,2026-05-19,customer,2890.46,"8,9,10,16,17,20",D1888ac53
U00161,Jahid Rahman,Chattogram,2025-07-11,customer,183.62,"12,14,15,16,17,18,19,20",D6e31f559
U00162,Shakib Ahmed,Sylhet,2025-12-04,customer,2433.65,"7,11,12,16,17,19,20",Df9a62ef6
U00163,Imran Rahman,Narayanganj,2025-12-08,merchant,182.68,"7,8,11,12,15,17,21",D6e351df3
U00164,Sabbir Akter,Narayanganj,2025-10-22,customer,274.96,"14,16,17,19",D65ac72e0
U00165,Karim Khan,Mymensingh,2025-12-01,customer,1008.17,"7,8,9,12,14,15,18,21",D7044a908
U00166,Tanvir Sultana,Dhaka,2025-12-20,vendor,708.27,"9,11,12,13,15,16,18,21",Df279ae03
U00167,Shirin Hossain,Narayanganj,2025-06-23,customer,470.23,"8,12,13,15,17,21",Dfedaf4e9
U00168,Lima Hossain,Rangpur,2025-05-11,customer,2772.25,"8,9,12,16,17",Db906eeda
U00169,Nabila Uddin,Barishal,2026-05-27,customer,218.32,"8,9,11,12,13,15,18,20",Da57d1d57
U00170,Mitu Begum,Khulna,2026-07-23,vendor,580.21,"9,10,11,12,14,19",D11e99853
U00171,Karim Akter,Narayanganj,2026-06-23,merchant,1129.45,"8,15,17,18,19,20",De9ad69cb
U00172,Nabila Akter,Rajshahi,2026-05-26,customer,856.53,"7,9,13,14,16,18,19,20",Dc3f80b69
U00173,Mitu Hossain,Mymensingh,2025-03-23,customer,379.77,"10,11,14,15,16,18,19",D5e8236a0
U00174,Shirin Chowdhury,Comilla,2025-04-26,customer,391.34,"12,14,16,17,18",D07bfc0ba
U00175,Ruma Akter,Comilla,2025-11-04,customer,1428.87,"7,9,10,11,16,20,21",D0a797086
U00176,Shirin Ahmed,Khulna,2025-04-10,customer,1494.64,"8,15,18,20",Db6a1dd90
U00177,Lima Islam,Rangpur,2026-03-15,customer,877.05,"8,9,10,13,14,15,21",D64e45316
U00178,Rahim Akter,Chattogram,2026-07-05,customer,315.42,"8,10,12,13,15,19,20",Dc468fa7a
U00179,Jahid Rahman,Mymensingh,2025-05-29,customer,401.75,"7,9,11,14,19,20",D5f4be607
U00180,Sabbir Begum,Comilla,2025-09-20,customer,652.75,"7,8,11,21",D54c9a0dc
U00181,Mitu Chowdhury,Narayanganj,2025-04-07,customer,739.22,"7,8,10,11,13,15,18,19",D0815f3c1
U00182,Dolly Islam,Comilla,2025-12-10,merchant,1088.32,"8,14,16,20",Dc4229f05
U00183,Shila Akter,Rajshahi,2025-10-11,customer,554.48,"7,9,11,13,18",D905d5341
U00184,Shakib Uddin,Comilla,2025-10-13,customer,1398.11,"8,9,12,15,17,18,20",D1000abdd
U00185,Rahim Akter,Chattogram,2025-06-25,merchant,1383.21,"7,11,12,13,14,15,19,20",D8c557ae9
U00186,Tanvir Begum,Dhaka,2026-02-06,customer,2153.67,"8,16,17,18,20",D86a3958f
U00187,Jahid Ahmed,Mymensingh,2026-02-02,merchant,677.83,"9,12,14,16,17,18,19,20",D00649498
U00188,Shirin Uddin,Rangpur,2026-07-14,vendor,890.47,"7,10,12,19,20,21",D69ecefa6
U00189,Tanvir Hossain,Chattogram,2025-06-10,customer,591.62,"7,10,11,12,14,17,19,20",D466f18f9
U00190,Nasrin Rahman,Mymensingh,2025-06-18,customer,318.49,"12,13,14,18,20,21",D288871a9
U00191,Dolly Hossain,Barishal,2026-01-25,customer,4372.76,"8,9,11,13,17,18,19,20",Dfff6ccc5
U00192,Hasan Sultana,Rangpur,2026-06-10,customer,1886.16,"11,12,17,19",Dec266b5e
U00193,Rafiq Islam,Chattogram,2026-05-08,customer,1356.27,"7,12,13,14,16,18,21",D425bc2c9
U00194,Jahid Sultana,Mymensingh,2025-08-23,customer,657.85,"7,9,12,15,17,18,19",D5b5f6bc0
U00195,Lima Chowdhury,Narayanganj,2026-07-15,customer,296.63,"8,10,12,17,19",D531052ba
U00196,Shakib Akter,Rangpur,2026-07-16,customer,1599.76,"8,9,12,14,17,18,19,21",D213c7a4d
U00197,Shakib Chowdhury,Comilla,2026-02-22,customer,582.69,"7,8,9,10,14,18",D4f361f86
U00198,Shirin Rahman,Rajshahi,2026-06-02,customer,964.53,"10,11,14,16,18,19",D358d714a
U00199,Fatema Akter,Barishal,2026-05-31,customer,400.47,"8,9,14,19,20",D701a1214
U00200,Nasrin Begum,Barishal,2025-08-03,customer,829.21,"11,15,19,21",D54eebdaa
U00201,Ruma Islam,Barishal,2025-11-14,merchant,421.47,"8,9,10,19,20",Dab1d7e4d
U00202,Shirin Chowdhury,Mymensingh,2025-10-22,customer,435.31,"8,9,12,14,15,16,18,19",D7c9cba26
U00203,Hasan Rahman,Comilla,2025-11-05,vendor,819.62,"8,9,12,13,16,18,19",D8d2cc601
U00204,Masud Begum,Khulna,2026-02-06,customer,180.68,"15,17,19,20,21",Dbafa54e2
U00205,Nasrin Akter,Rajshahi,2025-12-23,vendor,187.41,"7,8,9,11,15,16,20,21",Daa996567
U00206,Shirin Sultana,Comilla,2026-02-05,customer,348.42,"8,9,10,11,15,18,20,21",Da6fc70cf
U00207,Rahim Ahmed,Dhaka,2026-06-15,customer,548.89,"7,9,12,16,17,19,20,21",D9a8c6cfd
U00208,Dolly Hossain,Sylhet,2025-04-03,customer,1439.27,"7,10,11,13,14,16,17,18",D9dd7d1f9
U00209,Hasan Ahmed,Dhaka,2025-11-27,customer,575.97,"11,13,17,19,21",D348508ff
U00210,Tanvir Akter,Barishal,2026-05-13,customer,654.15,"9,10,12,13,14,16,20",Dcb14c17a
U00211,Mitu Rahman,Chattogram,2025-03-20,customer,512.96,"8,9,12,15,18,19,20",Da3dac90a
U00212,Mitu Begum,Barishal,2026-03-18,customer,889.31,"7,8,9,10,11,13,16",De1c7c2c9
U00213,Shirin Rahman,Dhaka,2025-04-10,customer,315.92,"9,10,12,14,15,16,17,18",Dacdaf9cb
U00214,Karim Hossain,Mymensingh,2026-06-16,customer,603.12,"7,10,12,14,15,16,19",Decda1492
U00215,Lima Chowdhury,Barishal,2025-09-30,merchant,954.84,"7,8,9,11,13,15,21",D945fe70f
U00216,Fatema Chowdhury,Comilla,2026-07-09,customer,813.77,"7,10,11,12,15,16,19",D16766401
U00217,Imran Akter,Barishal,2025-12-14,customer,672.72,"8,9,11,16,17,18,19,20",D1f493532
U00218,Shakib Islam,Dhaka,2025-10-20,customer,679.98,"9,10,13,15,16,19",Db5e65ad4
U00219,Hasan Begum,Narayanganj,2026-07-13,customer,1041.27,"12,14,15,18,19",D12d84869
U00220,Shakib Uddin,Comilla,2025-05-01,customer,4618.68,"9,11,12,13,16,18,20,21",D34e994c4
U00221,Rahim Sultana,Mymensingh,2025-11-24,merchant,333.41,"7,8,11,12,13,14,18,21",D49d73d5c
U00222,Jahid Khan,Dhaka,2026-03-19,customer,4773.44,"7,9,10,13,14,16,18,21",Dee667d43
U00223,Nabila Begum,Rangpur,2025-10-12,customer,321.35,"7,10,12,14",Db847bdbd
U00224,Karim Begum,Comilla,2025-08-13,customer,98.35,"13,14,15,16,19",D4aa344e5
U00225,Dolly Akter,Comilla,2026-04-17,customer,414.4,"9,12,13,14,15,17,19,21",D37715c9b
U00226,Shirin Khan,Sylhet,2026-02-01,customer,904.68,"10,11,14,15,16,19",Dba8e41ed
U00227,Ruma Akter,Comilla,2025-07-03,customer,3599.51,"10,12,14,18,19,21",D373c668d
U00228,Imran Akter,Khulna,2025-04-10,merchant,296.32,"8,11,13,15,16,17",Dd5bc15e8
U00229,Hasan Hossain,Mymensingh,2026-03-06,merchant,1035.59,"8,11,12,18",D59aa8e52
U00230,Jahid Ahmed,Narayanganj,2026-04-14,vendor,202.71,"11,15,19,20,21",D9830ee8d
U00231,Ayesha Chowdhury,Barishal,2025-07-18,merchant,3457.54,"7,10,15,16,17,19,20,21",D2fa1be7b
U00232,Nabila Rahman,Mymensingh,2025-07-30,vendor,1922.72,"7,8,9,15,17,18,19",D48905bce
U00233,Karim Ahmed,Narayanganj,2025-09-02,customer,436.04,"11,12,17,19,20",D790bf6ab
U00234,Ruma Begum,Sylhet,2026-04-05,vendor,142.33,"7,9,13,17,18,19,20,21",D9d98feb6
U00235,Ayesha Akter,Sylhet,2025-05-10,merchant,2249.55,"7,11,16,19",D28c28088
U00236,Tanvir Begum,Mymensingh,2025-12-12,customer,599.99,"8,9,10,11,14,15,20,21",D15eb8d59
U00237,Masud Khan,Khulna,2025-09-04,customer,2026.44,"7,9,11,12,18,21",D55122606
U00238,Nasrin Begum,Mymensingh,2025-09-23,customer,668.29,"8,12,13,15,17,20,21",Dfa0716ef
U00239,Rafiq Akter,Sylhet,2026-02-17,vendor,693.87,"7,10,11,13,14",D796d1378
U00240,Shirin Begum,Rangpur,2025-10-07,customer,443.61,"7,8,10,11,12,14,17,21",D80c5e94e
U00241,Mitu Begum,Mymensingh,2025-08-15,customer,1165.1,"8,10,11,12,18,19,20,21",D2478729a
U00242,Sabbir Khan,Narayanganj,2026-05-15,customer,741.2,"12,13,14,15,16,17,18",Ddfe3aae9
U00243,Lima Ahmed,Narayanganj,2025-05-11,customer,1056.79,"14,15,18,21",D06f5b2a7
U00244,Masud Uddin,Khulna,2026-06-05,customer,167.22,"10,15,20,21",Dafea4e37
U00245,Masud Rahman,Chattogram,2026-05-09,customer,2100.45,"8,10,14,15,17,20",Db3bb32ec
U00246,Masud Islam,Comilla,2025-04-28,customer,2686.61,"7,9,13,14,15,18,19,21",D02ee0ce5
U00247,Masud Ahmed,Dhaka,2025-12-08,merchant,738.12,"7,10,11,13,18,20",D43025705
U00248,Karim Hossain,Rangpur,2025-12-28,merchant,4250.0,"7,8,14,15,18,20",Da75ab44f
U00249,Lima Chowdhury,Mymensingh,2026-05-01,customer,3228.61,"13,17,18,19,20",D73161b09
U00250,Ayesha Begum,Comilla,2025-05-13,customer,1188.96,"8,9,12,13,15,17,19",D11d716f9
U00251,Dolly Chowdhury,Rajshahi,2026-01-12,customer,2279.63,"7,9,10,11,13,14,18,20",D23633723
U00252,Shila Islam,Rajshahi,2026-03-28,customer,1724.31,"7,8,9,10,11,12,13",D3ba5a473
U00253,Shila Islam,Rajshahi,2026-04-18,customer,136.61,"7,8,14,16",D8aebbde8
U00254,Sabbir Islam,Khulna,2025-07-18,customer,521.93,"10,13,14,15",D70164976
U00255,Shila Akter,Rajshahi,2025-11-17,customer,1268.75,"10,12,16,18,19,20",Def8ecdc9
U00256,Rafiq Islam,Comilla,2026-02-28,merchant,2880.6,"10,11,13,15,17",Dea6d75f2
U00257,Karim Akter,Rangpur,2025-04-03,vendor,192.08,"9,13,14,15,17,18,20,21",D783f8693
U00258,Dolly Rahman,Rajshahi,2025-06-25,customer,143.59,"9,11,12,13,17,18,19,20",D83b64e01
U00259,Karim Uddin,Rangpur,2025-05-24,vendor,632.71,"9,11,14,18,20",Db7b96ed1
U00260,Tanvir Ahmed,Mymensingh,2025-03-24,customer,103.47,"9,10,11,13,15,17,21",D19b13c01
U00261,Imran Sultana,Narayanganj,2025-05-25,customer,613.88,"7,8,10,11,15,18",D5de49f14
U00262,Dolly Khan,Mymensingh,2026-07-12,customer,925.13,"10,16,19,20",Dab6fb987
U00263,Mitu Sultana,Rajshahi,2026-04-17,customer,285.46,"7,8,10,11,14,19",D39eb320c
U00264,Hasan Uddin,Barishal,2026-01-10,customer,628.66,"11,12,13,15,19",D20cc52e9
U00265,Tanvir Khan,Barishal,2026-02-25,customer,1571.25,"8,12,14,15,18,19",D93241c48
U00266,Dolly Sultana,Narayanganj,2026-02-22,customer,412.72,"7,9,10,11,16,18,21",Df2d01498
U00267,Ruma Uddin,Barishal,2025-07-29,customer,325.84,"9,10,11,12,13,17,19",D54c8d48a
U00268,Nasrin Begum,Comilla,2026-03-23,customer,604.06,"9,12,14,17,18,19,21",D722f7234
U00269,Karim Ahmed,Dhaka,2025-11-24,customer,261.98,"7,15,17,20,21",D6c061d83
U00270,Fatema Begum,Dhaka,2025-07-06,customer,3898.13,"9,10,13,17",D46ce6eaf
U00271,Rahim Islam,Comilla,2026-04-12,customer,686.59,"7,12,14,15,16,17,18,21",D5de39dbb
U00272,Rahim Uddin,Rangpur,2025-10-23,merchant,354.34,"7,11,15,17,18,19,21",D06e5e27a
U00273,Sabbir Sultana,Comilla,2025-06-15,vendor,806.4,"8,9,10,15,21",Dc4f7b0b5
U00274,Hasan Sultana,Rajshahi,2026-03-25,customer,601.19,"8,11,12,13,19,20",De4c3febd
U00275,Karim Ahmed,Rangpur,2025-08-10,customer,545.19,"8,11,17,18,20",D01952f01
U00276,Ruma Chowdhury,Barishal,2026-01-19,customer,412.63,"7,8,9,14,15,17,19",D19a7cecf
U00277,Sabbir Sultana,Mymensingh,2025-10-16,customer,396.14,"7,10,15,21",D3ac1b2cb
U00278,Dolly Sultana,Dhaka,2026-03-16,customer,170.09,"8,11,17,21",D693fb7b1
U00279,Shirin Begum,Narayanganj,2026-05-02,customer,2276.03,"7,8,9,10,13,16",D8a1516b6
U00280,Fatema Uddin,Barishal,2026-03-31,customer,1117.56,"9,12,13,15,17,19,20,21",D85d1bbe1
U00281,Shila Sultana,Narayanganj,2026-07-05,customer,880.18,"8,10,12,13",Da66d5471
U00282,Lima Uddin,Rangpur,2026-01-10,customer,592.81,"7,10,11,14,17,18",D0d9e4026
U00283,Shila Hossain,Rajshahi,2025-12-23,customer,281.47,"8,13,16,17,21",D9d232062
U00284,Jahid Chowdhury,Barishal,2025-08-01,customer,336.73,"8,9,11,13",D849d2598
U00285,Lima Hossain,Chattogram,2026-01-29,customer,184.93,"7,8,11,14",D8f93a394
U00286,Dolly Uddin,Rangpur,2026-05-26,customer,371.7,"9,13,14,15",D72c0552d
U00287,Shila Sultana,Barishal,2026-06-10,merchant,251.29,"8,12,15,21",D291e794c
U00288,Masud Uddin,Khulna,2025-05-16,customer,3036.4,"7,8,10,11,13,15,19",Dadd3622d
U00289,Fatema Begum,Rangpur,2025-08-16,customer,1470.67,"9,11,14,18,19,20,21",D9ae958d4
U00290,Ruma Sultana,Narayanganj,2026-03-13,customer,713.11,"8,10,11,12,14,19,21",D11a51f1b
U00291,Tanvir Rahman,Barishal,2026-04-23,customer,306.39,"7,8,9,11,12,13,17",D13322723
U00292,Imran Akter,Sylhet,2025-12-24,customer,261.51,"9,10,11,12,14,16,19,21",Dbc52dd43
U00293,Lima Ahmed,Narayanganj,2025-07-21,customer,560.42,"10,11,12,13,16,17,19",Dc7a281ae
U00294,Shirin Ahmed,Rangpur,2026-04-21,customer,1530.82,"7,9,10,14,15,16,17,21",Da468bd25
U00295,Imran Ahmed,Mymensingh,2025-08-22,vendor,3708.84,"9,10,11,13,17,19,21",Dcc65369e
U00296,Lima Uddin,Narayanganj,2025-09-29,customer,188.91,"7,13,15,16,18,19,20",D27b5ddab
U00297,Lima Begum,Narayanganj,2025-09-09,customer,1103.97,"8,10,17,19",D521f260f
U00298,Ayesha Hossain,Rajshahi,2026-07-10,customer,370.34,"7,8,12,13,17,18,20,21",D7fe1b714
U00299,Hasan Sultana,Comilla,2025-11-13,customer,429.06,"10,12,13,14,15,16,18,20",D16e68157
U00300,Ayesha Begum,Barishal,2026-05-16,customer,694.83,"7,8,11,13,14,19",D2decded8
U00301,Ruma Ahmed,Mymensingh,2026-02-23,vendor,314.87,"10,12,14,15,19,21",D4643f2ec
U00302,Ayesha Begum,Rajshahi,2025-07-28,vendor,536.44,"7,8,11,12,18,20,21",Deb4fea37
U00303,Hasan Khan,Rangpur,2025-11-10,merchant,293.89,"9,12,13,15,21",Dfced8011
U00304,Rahim Sultana,Rajshahi,2025-09-13,customer,395.8,"9,13,17,18,20",D5dc6501b
U00305,Masud Ahmed,Comilla,2025-12-14,customer,1312.71,"7,8,10,11,13,17,18,21",Db8e7a99c
U00306,Shakib Akter,Narayanganj,2026-04-28,customer,727.34,"8,10,11,12,14,19",D9a7cba71
U00307,Shila Sultana,Chattogram,2026-01-15,customer,1307.99,"8,9,11,12,13,14,16,18",D994531eb
U00308,Nasrin Akter,Khulna,2025-08-22,customer,366.37,"8,10,11,12,20",D7c8433dc
U00309,Ruma Uddin,Khulna,2025-11-13,customer,1111.58,"9,13,16,17,19,20,21",D21ec42e5
U00310,Hasan Sultana,Dhaka,2025-10-21,customer,153.73,"9,11,12,14,19",D8334c25b
U00311,Shakib Rahman,Rangpur,2025-05-15,customer,694.56,"7,9,10,13,14,15",D68c8fead
U00312,Mitu Hossain,Dhaka,2025-08-16,customer,1181.73,"7,8,9,13,14,18,19",Da19d2f3e
U00313,Ruma Uddin,Comilla,2026-03-14,customer,149.1,"9,11,14,15,16",D81403646
U00314,Dolly Khan,Rangpur,2026-06-05,customer,369.94,"7,8,11,12,14,15,18,19",De70a3e65
U00315,Lima Ahmed,Mymensingh,2026-06-10,customer,694.13,"7,11,14,20,21",Dc4c99c12
U00316,Masud Akter,Narayanganj,2025-05-15,customer,1645.28,"10,19,20,21",D43b13caf
U00317,Dolly Hossain,Narayanganj,2025-09-12,customer,395.76,"7,9,10,12,16,18,21",Dc4cfed87
U00318,Rafiq Uddin,Chattogram,2025-10-30,customer,1071.51,"11,12,16,18,19",D23409446
U00319,Jahid Akter,Rajshahi,2026-05-24,customer,2434.29,"7,9,10,11,17,18,21",D21f10d1e
U00320,Hasan Ahmed,Chattogram,2025-07-08,merchant,1118.08,"9,11,13,14,16,17,19",D532712d9
U00321,Fatema Rahman,Barishal,2026-01-07,vendor,554.05,"7,11,12,14,17,18,19,21",D4606fde0
U00322,Nabila Khan,Mymensingh,2025-05-23,vendor,928.93,"10,13,15,19",D1c6607b8
U00323,Masud Rahman,Barishal,2026-03-17,customer,386.22,"9,11,12,15,16,20",D7a183c3d
U00324,Rahim Ahmed,Khulna,2025-05-01,customer,719.05,"7,8,14,17",D6e8407ae
U00325,Rafiq Ahmed,Barishal,2025-12-19,merchant,578.18,"7,9,10,11,13,17,18",Da363d7f5
U00326,Karim Chowdhury,Sylhet,2026-03-26,customer,901.3,"9,12,17,20",Dac52f4ae
U00327,Rahim Khan,Mymensingh,2025-07-26,customer,459.12,"8,13,17,18,19",D8051ec85
U00328,Rahim Islam,Barishal,2026-06-23,customer,948.62,"10,14,15,16,17",D23f88905
U00329,Ruma Ahmed,Rajshahi,2025-06-09,customer,455.37,"9,13,18,20",D83c10230
U00330,Tanvir Akter,Sylhet,2026-01-17,customer,1456.82,"8,18,19,20",Df4256426
U00331,Shakib Sultana,Dhaka,2026-05-23,customer,496.0,"8,9,17,18,19,20,21",Dcfc8b143
U00332,Jahid Chowdhury,Narayanganj,2025-09-23,customer,106.24,"10,12,14,17,18",Dd9d0f5bb
U00333,Lima Chowdhury,Barishal,2025-08-15,customer,268.47,"8,9,10,13,18,19,20",D23a9e72b
U00334,Dolly Sultana,Narayanganj,2025-06-22,customer,676.26,"8,10,11,17,21",Dbf4135ea
U00335,Imran Hossain,Dhaka,2025-07-28,merchant,3007.29,"7,10,11,15,17,18,19,21",D81347bfd
U00336,Shila Ahmed,Comilla,2025-06-26,merchant,1403.14,"8,10,13,14,21",Dbf983d69
U00337,Masud Chowdhury,Barishal,2025-05-03,customer,90.92,"9,12,13,21",De86f285f
U00338,Masud Ahmed,Dhaka,2025-10-26,customer,175.79,"7,8,14,19,21",Dde4e3432
U00339,Shirin Uddin,Rangpur,2026-03-20,customer,1861.95,"7,13,15,19,21",D71871079
U00340,Fatema Hossain,Chattogram,2025-12-28,merchant,1175.56,"8,9,11,15,16,17,19",D8a073440
U00341,Masud Ahmed,Sylhet,2025-11-13,customer,5133.91,"9,12,13,15,19",D1cfeac20
U00342,Ayesha Rahman,Narayanganj,2025-08-09,customer,439.91,"7,8,10,13,18,19,20",D0694dc80
U00343,Nasrin Ahmed,Dhaka,2025-09-24,customer,309.56,"11,17,18,20",D2d1ab848
U00344,Shakib Uddin,Sylhet,2025-08-04,customer,709.39,"7,9,12,14,18",De22801ed
U00345,Tanvir Chowdhury,Sylhet,2026-05-08,merchant,432.73,"7,8,9,11,18,19",Da9fe8374
U00346,Fatema Rahman,Mymensingh,2025-11-06,customer,1692.2,"11,16,17,18",Df7802f67
U00347,Rafiq Ahmed,Narayanganj,2025-11-13,merchant,420.31,"7,9,12,14,16,18",Db72d1353
U00348,Karim Islam,Rajshahi,2025-08-21,customer,521.71,"7,10,15,18",D336fe269
U00349,Mitu Akter,Rajshahi,2026-07-09,customer,275.64,"7,9,12,13,15,19,20",D86fdabce
U00350,Shakib Islam,Khulna,2025-12-31,customer,1314.6,"8,11,12,16,19,20",D1401f937
U00351,Dolly Rahman,Dhaka,2026-04-09,customer,290.05,"7,8,11,12,13,14,17,19",D52070fde
U00352,Mitu Rahman,Barishal,2026-01-25,customer,964.96,"11,16,19,20,21",Dc84dc8ba
U00353,Rahim Chowdhury,Dhaka,2025-10-03,customer,3601.54,"9,10,15,18,19,20,21",Dfd23d1b3
U00354,Ayesha Khan,Comilla,2026-04-04,customer,134.18,"7,11,12,13,17,18,19,21",D1ee1dd5f
U00355,Mitu Uddin,Rangpur,2026-04-02,vendor,2556.62,"7,8,9,11,14,18,20",Dcc1cd243
U00356,Jahid Chowdhury,Chattogram,2025-08-08,customer,855.74,"8,14,15,16,18,19",D8380c9aa
U00357,Imran Akter,Barishal,2025-10-02,customer,241.55,"7,9,10,11,12,13,16,17",Ded94588d
U00358,Jahid Ahmed,Khulna,2025-12-13,customer,733.96,"8,9,10,16,20,21",D43667a1b
U00359,Shirin Rahman,Sylhet,2025-12-14,vendor,1278.18,"8,10,12,13,14,15,21",Da3f52a53
U00360,Shirin Sultana,Dhaka,2025-05-22,customer,326.55,"8,9,17,19",Df60e0977
U00361,Shakib Islam,Sylhet,2026-04-13,customer,1016.7,"8,9,10,12,13,18",D6d28eb02
U00362,Mitu Ahmed,Mymensingh,2026-03-21,vendor,2790.2,"7,13,14,15,18",D1dfbe1a6
U00363,Sabbir Chowdhury,Barishal,2026-06-10,vendor,419.85,"7,8,9,10,20",D0a2e0305
U00364,Rahim Ahmed,Rajshahi,2025-08-15,vendor,272.97,"8,11,16,21",D30976540
U00365,Karim Begum,Narayanganj,2025-04-26,merchant,593.95,"7,8,9,12,14,19,21",De6886463
U00366,Sabbir Begum,Sylhet,2025-12-23,customer,699.35,"7,9,12,13,14,17,19",Dceee77cf
U00367,Shirin Rahman,Rangpur,2026-03-11,customer,1780.72,"7,9,10,16,17,18,21",D1880dc3d
U00368,Shakib Khan,Comilla,2025-05-07,customer,576.97,"7,8,9,10,11,13,14,17",Df165f352
U00369,Ruma Uddin,Mymensingh,2025-06-21,customer,452.96,"12,13,18,19",D043b4821
U00370,Rahim Hossain,Dhaka,2026-02-06,customer,267.5,"7,9,10,11,12,13,15,20",D6c9ee2b6
U00371,Mitu Khan,Sylhet,2025-06-13,merchant,150.0,"8,9,10,12,15,16,19",Da42de520
U00372,Lima Begum,Khulna,2025-11-01,customer,208.31,"10,13,16,19",D1e80818b
U00373,Masud Sultana,Khulna,2026-04-02,customer,207.35,"7,12,16,17,18,19,20,21",D7f11a1e6
U00374,Nasrin Rahman,Dhaka,2025-10-17,customer,526.56,"11,14,15,19,20",Dba5b8788
U00375,Shakib Rahman,Dhaka,2026-06-16,customer,171.94,"7,10,16,21",D862a2ceb
U00376,Jahid Sultana,Khulna,2026-02-13,merchant,58.72,"7,9,10,12,15,18,19,20",Da8e03364
U00377,Lima Chowdhury,Narayanganj,2025-07-01,customer,633.42,"8,12,15,20",D8dd37104
U00378,Tanvir Begum,Comilla,2026-06-11,customer,3512.42,"9,11,12,13,14,19",D3acd8091
U00379,Shirin Begum,Khulna,2025-08-11,customer,1833.37,"9,10,11,12,13,16,17,19",D00bded7e
U00380,Karim Begum,Narayanganj,2025-07-24,customer,522.17,"13,16,18,20",D7c7cdb5c
U00381,Mitu Akter,Barishal,2026-02-20,vendor,245.7,"8,9,10,12,14,16,17,18",D42f8daa0
U00382,Tanvir Rahman,Dhaka,2026-05-08,customer,6741.41,"17,18,19,20",Ddb0045b5
U00383,Ayesha Islam,Dhaka,2026-03-19,customer,701.55,"8,10,11,12,18",Dc6667b06
U00384,Dolly Chowdhury,Chattogram,2026-01-16,customer,794.95,"9,12,13,14,18,20,21",D847347c6
U00385,Hasan Ahmed,Dhaka,2025-06-03,customer,584.1,"9,10,16,17,18,19,20",Db7a4350d
U00386,Tanvir Begum,Rangpur,2026-03-04,customer,645.82,"8,11,12,19",D1ac71246
U00387,Shila Rahman,Dhaka,2026-05-11,customer,407.86,"8,12,15,16",D3ebe8a9e
U00388,Tanvir Khan,Rajshahi,2025-12-24,customer,528.75,"7,8,9,13,16",D79f668ee
U00389,Ayesha Islam,Rangpur,2026-01-04,customer,2574.97,"10,11,15,16,17,18,20,21",Da3f15039
U00390,Shirin Sultana,Mymensingh,2025-10-13,customer,2041.57,"7,8,9,12,13,14,18,20",Db175adc8
U00391,Shirin Ahmed,Mymensingh,2026-04-21,customer,102.92,"7,9,10,17",D11f7e469
U00392,Ruma Hossain,Chattogram,2025-05-26,customer,187.4,"11,13,14,19",D8a235311
U00393,Rafiq Rahman,Mymensingh,2025-09-07,customer,330.29,"7,9,12,13,14,19,20,21",D554d73e5
U00394,Ayesha Ahmed,Barishal,2026-03-20,customer,1543.97,"7,9,11,16,20",D6b8ee712
U00395,Dolly Rahman,Narayanganj,2025-06-14,customer,2088.91,"7,10,13,15,16,17,19,21",D05203fe2
U00396,Shakib Sultana,Comilla,2025-05-07,customer,1273.48,"7,8,11,13,14",D908d7bf4
U00397,Sabbir Begum,Dhaka,2025-06-18,customer,240.77,"8,9,10,14,16,17,19,20",D5d608637
U00398,Jahid Sultana,Sylhet,2025-12-28,customer,414.86,"10,13,17,21",Da9f9a0f4
U00399,Dolly Akter,Sylhet,2026-02-19,customer,1033.22,"8,13,15,20",D05732fb3
U00400,Nabila Ahmed,Rangpur,2025-11-08,customer,535.77,"7,15,16,17,18,20,21",D29f519ca
U00401,Masud Ahmed,Sylhet,2026-05-17,merchant,474.69,"8,16,18,20,21",D2857486b
U00402,Nasrin Hossain,Rangpur,2025-05-14,customer,480.65,"7,11,12,13,14,16,19,21",D94ea3d12
U00403,Karim Rahman,Sylhet,2026-05-20,customer,1888.23,"7,10,12,13,16,17,18,19",Da210a969
U00404,Ruma Ahmed,Rajshahi,2025-04-29,customer,1134.32,"7,11,12,17,18,19",D265d5f9b
U00405,Shila Ahmed,Rajshahi,2026-05-25,customer,503.41,"11,12,13,14,18,19",D4cebf2b1
U00406,Shakib Akter,Dhaka,2025-12-18,customer,892.05,"13,14,18,20,21",D90c20370
U00407,Jahid Uddin,Narayanganj,2025-11-11,merchant,215.72,"8,11,13,15,18",D2450aa57
U00408,Karim Rahman,Dhaka,2026-07-18,customer,415.53,"7,10,19,20,21",D793b802a
U00409,Imran Ahmed,Dhaka,2025-04-18,customer,1709.76,"10,11,12,14,15,18",Ddf97085c
U00410,Dolly Akter,Barishal,2026-03-31,customer,163.86,"9,14,16,19,20,21",Dc07328a7
U00411,Imran Islam,Khulna,2026-05-10,customer,1147.58,"7,8,11,18,20,21",D4a8582df
U00412,Shakib Islam,Dhaka,2025-05-21,customer,102.13,"10,11,13,17,18,19,20,21",Dd69536e5
U00413,Rafiq Sultana,Sylhet,2025-12-02,vendor,3061.96,"7,9,10,16,17",D3c0e234b
U00414,Hasan Hossain,Comilla,2025-08-02,merchant,407.31,"10,11,12,13,14,21",D2de7cd11
U00415,Shirin Ahmed,Mymensingh,2025-06-05,customer,952.63,"7,8,11,12,13,15,16,17",D2b57a830
U00416,Sabbir Begum,Comilla,2026-06-30,customer,737.16,"11,12,17,18,20,21",D9632017c
U00417,Tanvir Begum,Dhaka,2025-07-06,customer,761.49,"7,13,16,19,21",D232408b9
U00418,Tanvir Khan,Comilla,2025-08-31,customer,877.45,"7,10,11,13,18,19,21",De37d7bc2
U00419,Nasrin Hossain,Chattogram,2025-09-09,customer,142.71,"9,11,12,15,17,18,21",D8a92222b
U00420,Tanvir Ahmed,Rajshahi,2025-12-03,vendor,775.71,"9,11,15,18,21",D2154f279
U00421,Lima Hossain,Narayanganj,2026-02-01,customer,563.64,"11,12,13,18,20",D25af5f85
U00422,Ruma Khan,Comilla,2026-03-04,customer,409.21,"7,8,14,16,17,20,21",D1498115f
U00423,Tanvir Chowdhury,Narayanganj,2026-06-01,merchant,330.14,"7,9,10,11,13,15,17",D946c226d
U00424,Nasrin Akter,Dhaka,2025-05-01,customer,793.35,"8,9,12,14,18,20,21",Dcff8350c
U00425,Fatema Begum,Narayanganj,2026-07-30,customer,275.74,"9,10,11,14,16,18,19",D0f41a87f
U00426,Sabbir Akter,Dhaka,2025-12-22,customer,1679.48,"7,13,14,15,17,20,21",D49ddb3aa
U00427,Mitu Khan,Barishal,2025-05-02,customer,1017.74,"7,10,15,17,19,20",D2416e0c2
U00428,Nasrin Ahmed,Dhaka,2026-02-23,customer,837.5,"8,11,13,15,16",D12069132
U00429,Nabila Begum,Barishal,2026-03-02,customer,1610.7,"12,14,15,16,18,19",De42b0d19
U00430,Mitu Begum,Rajshahi,2025-04-27,customer,126.88,"7,9,10,12,13,19,20",Dfa865a6a
U00431,Lima Islam,Rangpur,2025-07-22,customer,210.27,"8,9,15,16",D61ae4a9a
U00432,Ayesha Islam,Dhaka,2025-05-10,customer,1059.86,"7,15,16,18,19,21",Dc66f68b4
U00433,Dolly Hossain,Mymensingh,2025-08-13,customer,346.14,"8,13,14,21",D68d1df1e
U00434,Shirin Chowdhury,Chattogram,2025-08-07,customer,383.61,"7,10,17,18,19",D5dd8d5d9
U00435,Shirin Ahmed,Chattogram,2025-08-27,customer,187.54,"8,9,11,13,15,16,18,20",Dcaf01ec6
U00436,Sabbir Akter,Rangpur,2025-11-20,customer,276.36,"10,11,15,16,19",Dae4a1b2a
U00437,Tanvir Khan,Dhaka,2026-03-03,customer,1716.9,"7,10,14,15,19",Df09f3c09
U00438,Ruma Begum,Chattogram,2026-07-26,customer,1036.9,"8,16,17,21",Ddcce3e93
U00439,Rafiq Rahman,Dhaka,2025-06-28,customer,785.53,"8,10,11,14,17,18,20,21",D2bb7517c
U00440,Tanvir Chowdhury,Chattogram,2026-06-11,customer,396.2,"7,11,12,17,20",D08860eeb
U00441,Nasrin Akter,Barishal,2026-06-14,customer,742.34,"7,9,17,20",Da0345c10
U00442,Ayesha Chowdhury,Rangpur,2025-05-01,customer,1871.22,"8,9,11,12,16,17,18",D3835643b
U00443,Ayesha Begum,Dhaka,2025-03-27,customer,353.24,"9,11,13,14,18,19,20",Dd398950c
U00444,Hasan Begum,Narayanganj,2025-04-06,customer,644.52,"8,13,14,16,19",D60f6b303
U00445,Ruma Ahmed,Rangpur,2026-01-19,customer,3273.85,"7,9,14,16,17,18",D25b7a5a3
U00446,Rahim Uddin,Narayanganj,2025-12-19,customer,1257.62,"8,11,12,17",Dae838a0d
U00447,Mitu Rahman,Barishal,2025-07-27,customer,400.93,"8,10,12,13,15,16,17,18",D544af11f
U00448,Shakib Rahman,Mymensingh,2025-08-27,customer,1164.01,"7,9,15,16,17,20,21",D4aeb49dd
U00449,Tanvir Hossain,Dhaka,2025-05-13,customer,161.87,"8,10,12,14,19",D03ab8072
U00450,Fatema Rahman,Mymensingh,2025-11-15,customer,622.04,"10,13,15,17,19",Dce0332d8
U00451,Ayesha Chowdhury,Rangpur,2025-06-17,customer,1162.82,"7,8,12,14,18,19,20,21",Dfed9aef2
U00452,Hasan Akter,Barishal,2026-07-14,customer,936.53,"7,8,10,11,15,16,18,21",De69f2f54
U00453,Dolly Sultana,Narayanganj,2025-06-05,customer,1152.31,"10,12,14,20",D067e648a
U00454,Rahim Akter,Barishal,2025-12-02,customer,1408.85,"8,10,14,17,18,19",Dee2c6a63
U00455,Nasrin Rahman,Khulna,2025-06-03,customer,1005.52,"7,8,12,15,18,21",Dba15a0b5
U00456,Sabbir Rahman,Rajshahi,2025-06-07,customer,979.12,"8,10,11,13,16,18,21",D11297b34
U00457,Ayesha Rahman,Mymensingh,2025-07-31,customer,801.85,"7,8,13,16,17,19",D8a72abdd
U00458,Masud Rahman,Comilla,2025-08-29,vendor,251.4,"7,9,13,14,15,17,18,21",D35608788
U00459,Ayesha Chowdhury,Narayanganj,2025-06-28,vendor,1716.15,"9,16,18,19,21",D90f8e3dd
U00460,Imran Akter,Sylhet,2025-09-25,merchant,641.88,"10,11,13,15,16,20",Dfe8f0422
U00461,Shirin Uddin,Barishal,2025-12-13,merchant,1228.26,"9,13,15,16,18",D13001aba
U00462,Nasrin Uddin,Comilla,2025-08-02,customer,1547.59,"9,10,11,12,16,17,19,20",D34cc9527
U00463,Masud Sultana,Rangpur,2025-08-11,customer,418.03,"8,12,14,15,18,19",D000d17cc
U00464,Jahid Islam,Dhaka,2025-08-21,customer,449.87,"7,8,11,13,15,18,19,20",Dd1de3bd0
U00465,Jahid Islam,Sylhet,2026-04-21,customer,503.58,"9,11,17,18,19,21",D9c8407e1
U00466,Mitu Uddin,Sylhet,2026-04-19,customer,2059.42,"7,8,10,12,13,14,15,16",Dcaca9508
U00467,Tanvir Uddin,Dhaka,2025-08-12,customer,297.33,"13,19,20,21",D72e6d495
U00468,Masud Uddin,Narayanganj,2026-07-26,customer,2446.17,"10,12,14,16,19,21",D3ef86b71
U00469,Nasrin Begum,Comilla,2026-04-23,customer,793.85,"8,9,11,14,17",D6171265d
U00470,Masud Hossain,Dhaka,2026-06-01,customer,845.85,"7,9,11,13,15,16,19",Dd6d114c5
U00471,Shila Hossain,Mymensingh,2026-02-13,customer,1481.29,"7,9,12,16,18,19,20",Dac9b432f
U00472,Shakib Ahmed,Comilla,2025-06-23,vendor,716.27,"8,9,10,12,15,18,20,21",D3705761b
U00473,Tanvir Akter,Barishal,2026-05-12,customer,1735.29,"8,10,12,13,15,16,21",Dfbb80adc
U00474,Rahim Ahmed,Barishal,2026-03-04,customer,417.57,"14,15,16,19,21",D0c53def2
U00475,Karim Akter,Rangpur,2025-12-16,customer,2364.71,"10,16,17,19,21",D7c161c22
U00476,Shirin Islam,Comilla,2025-04-20,customer,445.43,"11,13,15,18",Dc113f03a
U00477,Shirin Khan,Barishal,2025-06-07,customer,2460.32,"7,14,15,18,19,21",Dd3d197f0
U00478,Dolly Islam,Chattogram,2025-11-11,customer,455.7,"8,9,15,19",D22831c20
U00479,Dolly Chowdhury,Chattogram,2026-04-16,customer,516.15,"8,10,13,17,20",D94e4f673
U00480,Fatema Ahmed,Dhaka,2025-07-15,customer,269.42,"7,12,14,18,21",D10516ea4
U00481,Imran Rahman,Rangpur,2026-05-02,customer,333.28,"8,10,11,13,15,16",D1a0aa06f
U00482,Shila Ahmed,Narayanganj,2025-12-23,customer,644.7,"7,8,13,15,17,21",Db5ee18bd
U00483,Shirin Sultana,Chattogram,2026-07-09,customer,821.22,"8,11,12,15",Db33e099d
U00484,Mitu Begum,Rangpur,2026-03-10,vendor,1613.06,"7,9,13,14,15,17,21",D30cd5285
U00485,Ayesha Islam,Dhaka,2025-06-20,customer,548.62,"7,9,11,12,17,19,20,21",Dd96163f1
U00486,Nabila Uddin,Khulna,2025-10-12,vendor,242.15,"8,10,11,12,13,15,16,20",D2249b2fc
U00487,Nasrin Sultana,Dhaka,2026-05-11,customer,938.39,"8,10,11,16,21",D7512b5b5
U00488,Sabbir Sultana,Mymensingh,2025-05-23,customer,772.64,"8,11,14,15,16,17,18,20",D712c7641
U00489,Shirin Sultana,Chattogram,2025-04-01,customer,1036.09,"8,9,10,12,17,19",D1181289a
U00490,Shirin Sultana,Khulna,2025-04-28,customer,374.67,"12,14,16,20,21",Df5f02ebc
U00491,Mitu Chowdhury,Sylhet,2025-10-16,customer,412.44,"7,9,10,12,13,19,20,21",D67d3576e
U00492,Hasan Akter,Sylhet,2025-05-28,customer,374.78,"9,12,14,17,18,20",De9457d0e
U00493,Rafiq Ahmed,Chattogram,2025-11-25,vendor,1939.36,"8,9,10,11,16,17,20,21",D902e2a66
U00494,Masud Sultana,Rangpur,2025-05-02,customer,2388.58,"7,15,17,20",D8c01a5a7
U00495,Lima Chowdhury,Rajshahi,2025-07-04,customer,397.95,"7,9,10,11,14,15,17,19",D3e3fc40d
U00496,Imran Akter,Comilla,2025-05-02,customer,404.64,"8,9,11,14,15,16,18,20",D88d677b2
U00497,Shakib Begum,Mymensingh,2026-07-27,customer,1175.72,"9,16,17,19,20",D02f26440
U00498,Lima Islam,Rajshahi,2026-05-12,customer,2677.81,"9,14,16,17,21",Dd5d1fb34
U00499,Shakib Akter,Rangpur,2025-07-08,merchant,3348.57,"7,8,10,11,12,17,21",Dd9e89fde
U00500,Rafiq Hossain,Narayanganj,2025-12-04,merchant,383.17,"7,8,12,15,17,20,21",D1212d4e1
U00501,Imran Khan,Comilla,2025-10-27,vendor,469.22,"8,9,11,12,13,16,17,20",D2f25e125
U00502,Rahim Uddin,Khulna,2026-01-06,customer,860.3,"12,14,16,18,20,21",Df5126de4
U00503,Sabbir Begum,Khulna,2025-12-19,customer,898.76,"8,10,11,15,17",D1e9bcb81
U00504,Tanvir Ahmed,Mymensingh,2026-05-13,customer,567.22,"8,10,13,16,17,18",D72402d36
U00505,Mitu Islam,Khulna,2025-08-21,customer,324.26,"7,9,10,13,14,16,17",D442b42f3
U00506,Nasrin Hossain,Khulna,2025-10-12,customer,645.6,"7,9,15,16,17,19,20,21",Dbaca0f8d
U00507,Sabbir Rahman,Narayanganj,2025-11-10,customer,3344.6,"7,8,11,16,17,19,21",D8b21d1ce
U00508,Shila Uddin,Sylhet,2025-12-03,merchant,417.44,"9,10,13,16,17,18,21",D943f4005
U00509,Imran Chowdhury,Khulna,2026-05-08,customer,813.55,"8,10,14,16,19,21",D9c4bfabe
U00510,Nabila Begum,Narayanganj,2026-06-07,merchant,6465.52,"10,15,17,20",D86c53897
U00511,Shakib Ahmed,Chattogram,2026-06-13,customer,412.49,"7,14,15,16,20",Dd9514883
U00512,Nabila Uddin,Rangpur,2025-11-28,customer,1228.69,"7,15,16,17,21",De0f58739
U00513,Ruma Chowdhury,Barishal,2026-01-24,merchant,3505.32,"10,13,15,18",Ddf6f5ec4
U00514,Shila Uddin,Rangpur,2025-10-04,merchant,1131.83,"8,9,10,11,13,14,18,21",D1b24bd81
U00515,Shakib Ahmed,Comilla,2026-03-23,merchant,1804.13,"7,16,18,20,21",Ded115bbf
U00516,Jahid Chowdhury,Narayanganj,2026-07-29,customer,1391.91,"8,10,12,13,17,18,19",Dce07748a
U00517,Rafiq Chowdhury,Rajshahi,2026-03-25,customer,1050.0,"12,13,15,16,18,20",D0e3d1335
U00518,Rafiq Hossain,Narayanganj,2026-01-02,customer,2307.55,"9,12,14,15,16,19,20,21",Dcb747026
U00519,Ayesha Khan,Comilla,2026-02-06,merchant,1192.54,"8,9,10,14,17,18,20",D48dffd6c
U00520,Nasrin Chowdhury,Dhaka,2026-01-08,customer,572.26,"7,15,16,17,18,19",D9926dff0
U00521,Nabila Ahmed,Chattogram,2025-06-16,customer,759.03,"9,14,16,20",Dafcc53af
U00522,Imran Sultana,Comilla,2026-03-20,merchant,926.86,"7,8,12,13,16",Dbe17ab0c
U00523,Shakib Hossain,Rajshahi,2026-03-08,customer,466.84,"7,9,10,14,17,18,19,21",D27021638
U00524,Mitu Islam,Khulna,2026-07-15,customer,789.97,"7,9,10,12,15,16,18,21",D38d6a9e6
U00525,Masud Khan,Comilla,2026-06-18,customer,693.53,"12,13,17,18,19,20",D59405a5e
U00526,Dolly Sultana,Barishal,2026-07-25,customer,1189.08,"8,11,15,21",D29559308
U00527,Rahim Hossain,Khulna,2026-02-05,customer,4660.74,"10,13,14,16,20,21",D9affb484
U00528,Dolly Sultana,Sylhet,2026-01-05,vendor,832.51,"8,11,12,15,17,19,20,21",D3829cd49
U00529,Masud Islam,Mymensingh,2025-08-11,customer,2750.97,"10,12,13,14,16,19,20",Df2d382ab
U00530,Tanvir Chowdhury,Barishal,2026-06-03,customer,1149.53,"8,10,13,17,18,19",D9d9166f8
U00531,Fatema Uddin,Khulna,2025-11-10,vendor,786.78,"7,8,10,11,12,13,18,19",D8b74b6e6
U00532,Ruma Khan,Rajshahi,2025-12-01,customer,445.06,"9,10,11,12,16,20",D5c513608
U00533,Mitu Sultana,Barishal,2025-07-21,customer,792.09,"10,11,18,19,20",Dfc44a6b9
U00534,Ruma Sultana,Dhaka,2026-05-14,customer,749.7,"8,17,19,21",Df93d52a1
U00535,Ruma Begum,Comilla,2025-07-06,customer,354.21,"7,11,12,14,16,18,19,20",Da30eb064
U00536,Ruma Uddin,Dhaka,2026-03-11,customer,402.21,"7,9,10,13,15,16,19",Dd9422fe7
U00537,Shakib Rahman,Barishal,2025-11-17,customer,934.01,"8,9,13,14,17,20",Dd14071d5
U00538,Masud Ahmed,Barishal,2025-08-14,customer,2721.59,"7,10,13,17",D52abffd8
U00539,Shila Akter,Barishal,2026-01-28,customer,626.92,"9,10,11,14,15,17,20,21",Dca2b79c9
U00540,Rafiq Rahman,Khulna,2026-04-29,customer,180.69,"10,12,13,17,18,19,21",D532570d0
U00541,Mitu Uddin,Rangpur,2025-10-13,customer,91.93,"8,10,11,16,17",D541aa628
U00542,Nasrin Chowdhury,Mymensingh,2025-05-20,customer,265.31,"7,9,10,14,18,19,20",Df87bd642
U00543,Imran Ahmed,Khulna,2026-05-25,customer,1258.3,"7,11,12,14,15,17,18,21",D9ea586c0
U00544,Hasan Akter,Sylhet,2026-07-02,vendor,210.13,"8,11,14,17,20",Df6e15062
U00545,Nabila Ahmed,Barishal,2026-01-29,customer,1458.57,"7,11,12,15,19,21",D7498fcb6
U00546,Lima Akter,Comilla,2025-05-14,customer,1194.14,"9,10,11,15,16,17,18,20",De07750f9
U00547,Nasrin Akter,Rangpur,2025-11-25,customer,608.34,"8,9,11,13,14,16,21",Df6eec4f9
U00548,Tanvir Hossain,Sylhet,2025-09-12,vendor,168.52,"8,9,10,12,13,16,19,21",D7507ddf3
U00549,Nabila Begum,Khulna,2025-09-26,customer,356.84,"11,12,14,15,16,19,20",Dc52e8359
U00550,Rafiq Ahmed,Rajshahi,2025-05-21,customer,535.33,"9,10,17,18",Db0678170
U00551,Imran Uddin,Chattogram,2026-05-08,customer,913.1,"7,8,14,15,16,20,21",D8727974a
U00552,Mitu Khan,Sylhet,2026-06-09,merchant,215.64,"8,9,11,13,16,17",Deab26f1c
U00553,Lima Akter,Mymensingh,2025-12-18,customer,2439.11,"7,9,15,18,21",Dbf672e33
U00554,Masud Chowdhury,Comilla,2025-12-05,customer,905.47,"9,11,14,15,17,18,19,21",D156e4b1a
U00555,Lima Chowdhury,Sylhet,2025-09-08,merchant,1003.33,"8,10,11,12,14,15,19,21",Db05d2a98
U00556,Ruma Uddin,Dhaka,2026-05-14,customer,1186.13,"7,9,11,12,15,21",D2e90430e
U00557,Rahim Uddin,Barishal,2025-08-14,customer,2200.05,"7,10,11,13,14,19,21",D952f166b
U00558,Imran Khan,Sylhet,2026-04-27,customer,793.83,"9,10,13,15,18,19,21",Daaab4136
U00559,Dolly Hossain,Rangpur,2026-06-22,customer,1259.04,"10,11,15,16,17,18,21",D19689880
U00560,Hasan Sultana,Mymensingh,2026-04-27,customer,361.86,"8,9,11,21",Dc101905b
U00561,Nasrin Ahmed,Sylhet,2026-03-15,customer,3363.87,"7,9,10,12,14,15,16,18",D2fcf4dfd
U00562,Fatema Begum,Dhaka,2026-03-17,customer,746.42,"7,10,14,18,21",Df9ed2a91
U00563,Hasan Islam,Barishal,2025-11-22,customer,360.34,"11,12,13,14,21",D0e04b717
U00564,Dolly Rahman,Khulna,2026-06-21,customer,445.16,"7,8,11,13,19",Dd8bea9f0
U00565,Hasan Khan,Dhaka,2026-04-25,customer,121.44,"7,8,10,13,20,21",D4214e79d
U00566,Imran Hossain,Barishal,2026-04-22,customer,442.71,"8,10,14,15,17,18,19",D2712e04a
U00567,Rafiq Rahman,Sylhet,2026-05-12,customer,75.08,"8,15,18,20",D3d654749
U00568,Nabila Akter,Dhaka,2026-04-22,customer,1349.14,"7,8,10,17,18,21",D51f89511
U00569,Masud Rahman,Narayanganj,2026-05-08,customer,975.46,"7,8,10,13,16,17",De2635728
U00570,Shila Akter,Dhaka,2026-05-14,customer,278.58,"8,9,10,14,19,20",Db4bef2bb
U00571,Ruma Khan,Barishal,2026-07-02,vendor,637.18,"8,9,15,17,18,20",D2da4041c
U00572,Lima Begum,Sylhet,2025-10-20,customer,662.99,"7,10,13,14,18,19",D2e4a9fd8
U00573,Shirin Uddin,Mymensingh,2025-04-28,customer,234.5,"14,15,18,21",Db11fc2ca
U00574,Fatema Uddin,Khulna,2026-04-26,customer,545.19,"9,11,12,14,15,19,20,21",D253e78ec
U00575,Shakib Chowdhury,Khulna,2025-12-14,customer,681.43,"7,11,12,14,15,20",Ddb83b00b
U00576,Mitu Akter,Chattogram,2025-05-06,customer,532.48,"12,16,20,21",D4d76d63d
U00577,Shila Hossain,Barishal,2025-08-29,customer,360.04,"9,10,13,14,15,17,18,20",D5c051600
U00578,Jahid Begum,Dhaka,2026-01-04,customer,270.03,"7,8,15,17,20,21",D24f84f21
U00579,Masud Chowdhury,Mymensingh,2026-04-20,customer,516.47,"7,8,10,14",D040eb427
U00580,Sabbir Rahman,Chattogram,2025-11-05,customer,397.8,"7,8,10,11,12,16,18,21",De4ed85c6
U00581,Lima Islam,Narayanganj,2025-12-05,customer,1113.57,"12,13,15,18",Dc54eac4c
U00582,Ayesha Khan,Comilla,2026-03-18,customer,2343.54,"7,8,10,11,15,17,18,19",D15349ff8
U00583,Nasrin Uddin,Comilla,2026-01-16,vendor,1528.7,"10,15,16,17,21",Db6817d14
U00584,Hasan Chowdhury,Chattogram,2026-01-01,customer,701.81,"12,16,17,19",D6d2bfa84
U00585,Nasrin Uddin,Narayanganj,2026-05-08,merchant,371.58,"12,13,15,17,21",D536e040f
U00586,Nabila Akter,Narayanganj,2025-12-18,customer,1488.72,"12,13,15,18,20,21",D6f260126
U00587,Imran Islam,Dhaka,2026-03-31,customer,1178.1,"10,11,12,13,14,15,18,21",D6c82e82f
U00588,Tanvir Islam,Sylhet,2026-03-09,customer,2176.89,"7,9,10,11,15,18,20,21",D71252380
U00589,Lima Begum,Khulna,2025-04-18,customer,794.6,"7,8,9,14,15,16,19,21",D6f4644cf
U00590,Fatema Sultana,Rangpur,2026-03-19,customer,3172.79,"10,11,16,17,19,21",Daaecfbbc
U00591,Nasrin Rahman,Narayanganj,2025-10-14,customer,794.82,"8,12,14,18,21",Dd7bfa2c3
U00592,Masud Chowdhury,Chattogram,2025-06-08,merchant,370.08,"7,11,16,17",Dbbdb911a
U00593,Nabila Chowdhury,Chattogram,2025-06-28,customer,430.31,"12,19,20,21",D1a50f9f5
U00594,Imran Islam,Sylhet,2025-05-13,customer,1064.81,"7,16,17,18,20",D775395fa
U00595,Tanvir Uddin,Rajshahi,2025-11-06,customer,396.89,"9,12,15,16",D9c700002
U00596,Shila Sultana,Comilla,2026-05-15,customer,3148.84,"13,14,17,18",Dfe1676d6
U00597,Jahid Akter,Chattogram,2026-06-16,vendor,985.05,"9,11,13,19,21",D3f9bae6f
U00598,Jahid Begum,Mymensingh,2025-12-01,customer,688.29,"7,8,11,13,15,18,19,21",Db3b80b6b
U00599,Dolly Sultana,Comilla,2025-10-19,customer,741.02,"10,13,14,16,17",D76a3e3c5
U00600,Masud Ahmed,Chattogram,2026-03-28,merchant,527.61,"8,11,12,13,19",D6dd1e041
U00601,Shirin Begum,Barishal,2025-08-23,customer,148.16,"7,10,12,13,17,19,20",D8442da54
U00602,Jahid Ahmed,Chattogram,2025-09-20,customer,430.58,"7,9,10,12,14,16,17",D6bfefcc3
U00603,Rahim Akter,Chattogram,2025-07-19,customer,2742.4,"9,10,11,16",Db548b775
U00604,Dolly Uddin,Sylhet,2026-02-26,customer,814.04,"7,10,12,14,15,16,18",D6332d40a
U00605,Masud Uddin,Dhaka,2025-10-25,customer,1706.82,"7,9,13,16,17,18,20",Df92c01e6
U00606,Rafiq Islam,Mymensingh,2026-03-24,merchant,1756.03,"7,10,11,16,18",Dda2d06d0
U00607,Lima Ahmed,Dhaka,2025-08-31,customer,642.48,"8,11,13,17",D0ea6481e
U00608,Shila Uddin,Chattogram,2026-03-05,merchant,1196.42,"8,10,12,13,14,15,18",D8dbe02b6
U00609,Karim Khan,Comilla,2026-04-28,customer,160.97,"7,14,15,18,21",Da6305607
U00610,Lima Akter,Sylhet,2026-02-26,customer,2512.13,"7,9,12,13,14,18",D9df02cee
U00611,Mitu Begum,Barishal,2026-04-03,customer,2303.26,"7,11,13,17,18,19,20,21",D4f3fb740
U00612,Nabila Khan,Narayanganj,2025-04-29,customer,1037.56,"8,9,10,13,15,17,18",Daac47baf
U00613,Jahid Sultana,Comilla,2026-05-15,customer,841.01,"9,10,11,12,14,15,16",D4dbf957d
U00614,Jahid Chowdhury,Khulna,2025-08-16,customer,650.02,"9,11,15,18,20",D344b9ea0
U00615,Tanvir Begum,Dhaka,2025-08-31,merchant,1911.14,"8,9,12,15,17,18,20,21",D23292f75
U00616,Jahid Khan,Chattogram,2025-07-06,customer,1332.12,"11,13,14,18,20,21",D18951d84
U00617,Shila Sultana,Narayanganj,2026-05-26,customer,51.23,"7,11,16,19,20",D7330d316
U00618,Shakib Sultana,Mymensingh,2026-04-05,vendor,480.01,"7,8,9,10,12,14,17,21",Db93ac1c9
U00619,Nasrin Khan,Rajshahi,2025-08-02,customer,242.81,"9,13,14,18,20,21",De0abdbd2
U00620,Fatema Begum,Mymensingh,2026-07-16,customer,207.43,"7,10,11,13,16,17,19",Dee0887a9
U00621,Shila Chowdhury,Barishal,2025-05-15,customer,1890.78,"7,10,12,13,14,16,18,21",D31e05519
U00622,Hasan Rahman,Dhaka,2026-01-12,customer,637.64,"7,8,15,16,17,18,20,21",Db75378a9
U00623,Dolly Chowdhury,Comilla,2025-05-09,customer,1021.82,"7,13,15,18,21",D872740a7
U00624,Shirin Hossain,Mymensingh,2025-07-06,customer,712.76,"10,11,13,14",D47ad3a92
U00625,Hasan Ahmed,Comilla,2026-05-08,merchant,209.62,"7,9,11,14,15,16,18",D7cfefbe4
U00626,Imran Chowdhury,Barishal,2026-06-05,customer,163.87,"9,15,16,18,19",Dc24b287e
U00627,Sabbir Rahman,Chattogram,2025-12-14,customer,452.46,"9,14,16,18",D358d83ed
U00628,Ayesha Rahman,Barishal,2026-03-26,customer,486.0,"8,9,17,18,20,21",D9a3b634d
U00629,Karim Begum,Barishal,2026-06-19,customer,485.74,"9,13,15,16,18,19,20,21",D09249bb7
U00630,Nabila Hossain,Sylhet,2025-10-16,merchant,497.96,"7,9,19,20,21",D5a5fb93b
U00631,Shila Hossain,Dhaka,2025-07-24,customer,4311.64,"7,8,9,10,11,17,19",D3960095c
U00632,Sabbir Sultana,Mymensingh,2025-12-10,customer,1681.19,"7,10,14,15,16,20,21",D19117879
U00633,Rafiq Sultana,Comilla,2025-12-12,customer,824.61,"7,8,10,14,15,16,19",D1bc54db6
U00634,Lima Islam,Khulna,2025-06-08,customer,623.63,"7,9,17,20,21",Da62fa3e8
U00635,Tanvir Ahmed,Dhaka,2025-05-21,vendor,643.23,"11,16,17,20",Db9d8a4b4
U00636,Nasrin Rahman,Narayanganj,2026-06-07,customer,1286.11,"9,11,15,16,17,19,21",Dde2d3937
U00637,Lima Chowdhury,Chattogram,2026-01-29,customer,618.54,"8,11,12,19",D4751da28
U00638,Rafiq Akter,Comilla,2025-07-09,customer,1517.31,"8,9,11,14,15,19,20",D48ab2ab0
U00639,Ruma Sultana,Sylhet,2026-01-02,customer,908.54,"7,8,10,15,16,18,20,21",Dbdc135a9
U00640,Shila Sultana,Mymensingh,2025-12-26,customer,4356.99,"9,11,12,15,16,17,20,21",D5e6cce55
U00641,Rahim Ahmed,Dhaka,2025-11-08,customer,586.62,"9,10,11,14,16,17,19",Dbe3f9ecd
U00642,Nabila Chowdhury,Dhaka,2025-12-06,customer,1803.28,"10,16,18,20",D0f3e5e98
U00643,Shirin Hossain,Chattogram,2026-02-12,customer,260.89,"7,10,15,17,18,19",D4c653b33
U00644,Tanvir Chowdhury,Narayanganj,2026-02-25,merchant,379.41,"7,8,12,15,19,21",D5ae78152
U00645,Tanvir Rahman,Mymensingh,2025-09-20,customer,3724.28,"9,10,12,20",D4e3f7f23
U00646,Hasan Uddin,Barishal,2025-06-19,vendor,1455.44,"9,14,17,20",D2fcb5cdd
U00647,Dolly Uddin,Dhaka,2025-12-08,customer,1039.1,"7,11,12,15,16,18,21",De9a07c83
U00648,Tanvir Chowdhury,Comilla,2026-04-17,merchant,5785.29,"7,8,9,11,12,17,19,20",Df06f4968
U00649,Ayesha Hossain,Barishal,2025-05-27,customer,631.53,"9,13,16,20,21",D53a3979b
U00650,Mitu Akter,Mymensingh,2025-08-03,customer,1798.98,"8,11,13,14",D719aa5d6
U00651,Karim Khan,Chattogram,2025-06-03,customer,1935.9,"8,9,10,11,12,15",D9972e308
U00652,Shakib Hossain,Barishal,2025-12-17,customer,2893.11,"7,9,10,12,14,15,19,20",Da55747a8
U00653,Sabbir Islam,Mymensingh,2026-05-20,customer,237.05,"9,15,17,20",De6d16dbf
U00654,Hasan Islam,Chattogram,2026-01-15,merchant,627.83,"7,8,11,12,16,17,20,21",Da9026edb
U00655,Tanvir Khan,Rajshahi,2025-11-08,customer,894.16,"7,10,11,16,17,19",D9de9e1a3
U00656,Rafiq Begum,Khulna,2026-03-08,merchant,2842.22,"8,12,14,15,17,19",Dbde50a86
U00657,Ayesha Khan,Comilla,2026-03-14,customer,1000.43,"7,15,16,19",D9ddec128
U00658,Fatema Hossain,Narayanganj,2026-02-03,customer,1940.16,"9,10,11,12,16,18,19,20",Dc6e00c18
U00659,Karim Ahmed,Rangpur,2025-05-02,customer,220.34,"7,9,14,15,19,20",D61032417
U00660,Shila Sultana,Mymensingh,2026-07-05,customer,508.87,"9,13,18,21",Ddb9708a4
U00661,Fatema Rahman,Narayanganj,2025-09-20,customer,2294.19,"10,11,12,15,17,18",D6a31fcb6
U00662,Ayesha Rahman,Sylhet,2026-05-26,customer,569.2,"14,18,19,20",Dc109fad8
U00663,Imran Begum,Barishal,2025-08-16,customer,674.53,"9,10,11,12,14,16,20",D1b9f0b62
U00664,Lima Rahman,Mymensingh,2025-06-24,customer,2793.51,"7,8,14,18,20,21",D2869a010
U00665,Jahid Uddin,Chattogram,2025-05-25,customer,310.36,"11,12,16,18,19",Dcc06ce0f
U00666,Shirin Uddin,Mymensingh,2026-01-06,customer,374.25,"8,12,15,17",Dd4e6df86
U00667,Fatema Akter,Rajshahi,2026-01-08,customer,202.19,"9,10,13,14,15,16,20,21",D622fd9fb
U00668,Fatema Sultana,Mymensingh,2025-06-11,customer,2915.55,"9,10,12,13,15,16,19,21",Ddb2d8910
U00669,Imran Ahmed,Narayanganj,2026-06-04,customer,1650.5,"8,9,11,12,14,15,16,20",Deabcc940
U00670,Jahid Sultana,Dhaka,2026-06-07,customer,1609.36,"7,8,10,12,13,14,19,20",D71d18ffc
U00671,Imran Sultana,Narayanganj,2025-07-10,customer,496.53,"9,11,14,15,17",D7f278103
U00672,Shirin Chowdhury,Barishal,2025-12-16,customer,190.45,"10,11,12,16,17",Db357bf20
U00673,Dolly Islam,Dhaka,2026-06-17,customer,151.28,"7,9,11,12,13,15,16,21",D1fbf1a2d
U00674,Tanvir Chowdhury,Rangpur,2025-08-06,customer,2311.95,"7,8,10,11,12,13,15,20",D7d724553
U00675,Dolly Chowdhury,Barishal,2026-01-18,customer,1104.91,"9,10,14,15,17,18,20",D198ac06a
U00676,Rahim Begum,Mymensingh,2025-05-28,customer,1316.9,"7,8,9,11,17,18,21",Da012a2d7
U00677,Shila Begum,Mymensingh,2025-08-30,vendor,856.69,"8,9,13,14,17,18,21",Dc9dd3ddb
U00678,Nabila Sultana,Dhaka,2025-11-14,customer,337.45,"9,10,12,13,14,15,20",D49910102
U00679,Dolly Sultana,Barishal,2025-10-10,customer,516.66,"10,11,13,15,18,20,21",D1944eddf
U00680,Ayesha Sultana,Mymensingh,2026-07-15,customer,273.22,"12,14,16,18",D791ebc1f
U00681,Rafiq Rahman,Comilla,2025-03-27,customer,246.35,"9,15,18,20",Db4999adc
U00682,Shila Islam,Barishal,2026-06-22,customer,1520.03,"8,10,11,14,15,16,19,21",D4f4be35d
U00683,Masud Akter,Rangpur,2025-11-01,customer,161.83,"14,15,20,21",Dd6f7be8f
U00684,Masud Hossain,Dhaka,2026-02-02,customer,274.72,"7,9,11,16,18,21",De47138e1
U00685,Shirin Rahman,Chattogram,2025-09-13,customer,543.39,"7,9,11,16,17,18,21",Ddaf5536c
U00686,Rafiq Islam,Chattogram,2026-05-29,customer,731.31,"8,9,11,15,17,18,19,20",D6e0bb654
U00687,Hasan Akter,Khulna,2025-09-26,customer,200.21,"9,16,17,18,21",D5d6ea677
U00688,Tanvir Ahmed,Khulna,2026-03-21,vendor,158.59,"7,9,14,15,19",D72b9b1f6
U00689,Mitu Rahman,Khulna,2025-10-01,customer,988.74,"13,14,18,19,20",D608af507
U00690,Nasrin Rahman,Rangpur,2026-04-16,customer,813.64,"7,8,11,12,17,18,20,21",D6e6f4622
U00691,Imran Rahman,Sylhet,2025-12-01,customer,2270.43,"10,13,14,15,18,19",D5909170a
U00692,Ayesha Uddin,Barishal,2026-05-19,customer,742.53,"7,11,12,13,14,19,20,21",D22dd7a7b
U00693,Rafiq Sultana,Rangpur,2025-03-30,merchant,1084.6,"8,11,12,16,17,19,20",D5665d7db
U00694,Tanvir Begum,Barishal,2025-12-08,customer,353.61,"10,15,16,17,18",Dc065b7fc
U00695,Nabila Ahmed,Comilla,2025-10-25,customer,366.28,"7,8,17,20",D926293b5
U00696,Rahim Sultana,Chattogram,2026-06-09,customer,217.14,"7,10,11,12,18,19,20",Da88646c9
U00697,Shila Begum,Rangpur,2026-07-03,customer,356.52,"8,10,15,16,17,18,20,21",Df7968958
U00698,Fatema Rahman,Sylhet,2025-08-30,customer,510.07,"8,9,11,14,16,18,19,20",D887517a4
U00699,Rafiq Islam,Rangpur,2025-07-04,customer,2044.62,"8,9,11,12,17,18,19",D68ef34ea
U00700,Ruma Khan,Narayanganj,2026-01-15,customer,313.62,"7,8,9,11,14,20",Deb8c7875
U00701,Nabila Khan,Narayanganj,2026-01-12,customer,4585.41,"8,9,14,15,17",Db8ea47db
U00702,Ayesha Islam,Chattogram,2025-09-06,customer,1176.62,"11,14,18,21",D86be58ed
U00703,Karim Chowdhury,Sylhet,2026-06-26,customer,965.28,"7,9,11,14,17,18,19,21",Dc6acf508
U00704,Ruma Chowdhury,Rangpur,2026-05-16,customer,691.89,"7,13,14,15,16,21",D91405a3b
U00705,Ruma Ahmed,Narayanganj,2025-05-26,customer,582.71,"7,10,13,15",Dc1db2813
U00706,Lima Uddin,Barishal,2025-10-31,customer,402.73,"7,8,11,12,13,17",D9d83c008
U00707,Karim Chowdhury,Rajshahi,2026-06-21,customer,193.87,"9,10,11,15,17,19,21",Ded93a376
U00708,Hasan Khan,Khulna,2026-03-01,customer,322.69,"8,12,14,17,18,20,21",Dcbdd41a6
U00709,Imran Ahmed,Comilla,2026-07-14,customer,2907.95,"7,10,14,16,18",D03b31308
U00710,Tanvir Islam,Barishal,2025-09-06,customer,1109.97,"7,14,15,17,19,21",D3ccae14f
U00711,Shakib Rahman,Comilla,2025-06-24,customer,2880.03,"8,10,13,17",D8a31b744
U00712,Shila Islam,Rajshahi,2026-05-17,customer,394.05,"7,8,9,10,14,16,18,19",D11e6089f
U00713,Ayesha Rahman,Narayanganj,2025-08-07,customer,266.86,"7,9,11,17,21",Df938d263
U00714,Sabbir Chowdhury,Barishal,2026-05-06,customer,685.86,"8,10,14,16,18,19,20,21",Df03b2aa7
U00715,Sabbir Islam,Narayanganj,2025-06-12,customer,332.63,"8,9,12,15,16,17,21",D4fd81c1d
U00716,Lima Uddin,Khulna,2026-05-05,merchant,820.9,"8,9,11,13,18,21",Dc283b52d
U00717,Shila Chowdhury,Khulna,2025-12-20,customer,163.97,"7,8,9,16,21",Dea1209d8
U00718,Nabila Rahman,Khulna,2026-07-24,customer,110.57,"7,8,9,11,16,20,21",D5f59aaec
U00719,Mitu Begum,Narayanganj,2026-04-18,customer,931.36,"11,13,14,15,17",Dee95a908
U00720,Shila Ahmed,Sylhet,2025-08-12,customer,2996.84,"9,14,16,18",D9056e3c6
U00721,Shila Akter,Comilla,2026-02-04,customer,969.83,"7,8,10,15,17,19,20",Df5fee3fd
U00722,Rafiq Islam,Rajshahi,2025-11-15,customer,1099.37,"10,14,17,19,20",D43adf239
U00723,Nasrin Islam,Dhaka,2026-06-05,customer,712.23,"9,14,17,19,20",Dc9e63e7e
U00724,Hasan Islam,Chattogram,2025-09-05,customer,774.66,"10,11,12,13,16,21",D77b1b37c
U00725,Rahim Rahman,Comilla,2025-07-18,customer,186.36,"9,15,19,21",D1f792d2b
U00726,Masud Sultana,Barishal,2026-06-03,customer,343.1,"10,14,18,21",D7e6de6ff
U00727,Tanvir Khan,Chattogram,2025-12-30,customer,2023.3,"8,10,12,17,18",D67a350eb
U00728,Karim Chowdhury,Khulna,2026-04-02,vendor,248.87,"8,10,13,14,16,20,21",D213fcde2
U00729,Rafiq Khan,Barishal,2026-04-13,vendor,500.31,"9,10,12,13,14,18,20,21",D98090cc0
U00730,Jahid Ahmed,Mymensingh,2026-05-28,customer,1981.85,"7,11,16,18",D4557b72c
U00731,Shila Begum,Narayanganj,2025-12-10,customer,755.63,"9,10,11,12,16,19,21",Dea49d4c3
U00732,Hasan Hossain,Dhaka,2025-03-23,customer,790.64,"8,10,13,14,15,16,20,21",D5052dd6e
U00733,Masud Begum,Narayanganj,2025-07-24,merchant,503.61,"10,12,13,18,19,20,21",Dde67a6b1
U00734,Shakib Islam,Rangpur,2025-04-29,customer,1258.02,"7,13,14,20",Db7641857
U00735,Mitu Ahmed,Comilla,2025-11-03,customer,1573.46,"8,14,16,18,19,20,21",D9b5d046b
U00736,Jahid Akter,Sylhet,2025-07-12,customer,327.87,"10,13,18,21",Dab16e424
U00737,Nasrin Rahman,Narayanganj,2026-04-01,vendor,200.72,"7,11,14,17",Df24270c4
U00738,Rahim Ahmed,Rangpur,2025-07-15,customer,127.41,"7,9,12,13,14,18,19,20",D1f6bf83c
U00739,Dolly Sultana,Rajshahi,2025-05-01,customer,1050.68,"7,11,13,15,16,19",Dba4d16bd
U00740,Shakib Akter,Dhaka,2025-06-24,merchant,943.62,"7,12,16,18",D473fb638
U00741,Dolly Ahmed,Comilla,2026-06-06,customer,6271.05,"7,9,12,14,16,17,21",Df5a3f330
U00742,Ruma Sultana,Rajshahi,2025-08-03,customer,715.98,"8,9,10,12,15",De92a3487
U00743,Nabila Hossain,Dhaka,2025-07-12,merchant,608.5,"11,12,15,17,21",D09aa946a
U00744,Ruma Uddin,Comilla,2026-06-30,customer,846.11,"8,12,14,15,18,20",Da3947200
U00745,Hasan Ahmed,Chattogram,2025-04-28,customer,888.49,"8,10,12,14,16,17",D539ad815
U00746,Ayesha Begum,Mymensingh,2026-01-13,customer,568.24,"8,9,11,20,21",D9b04baa4
U00747,Dolly Begum,Mymensingh,2026-05-16,customer,336.91,"7,11,13,15,17",D40df3192
U00748,Rahim Khan,Comilla,2026-02-05,customer,682.23,"7,8,10,11,14,17,18",Ddc02967d
U00749,Ruma Sultana,Comilla,2025-09-05,merchant,659.71,"12,13,16,17,18,19",Da0a0d5e7
U00750,Mitu Rahman,Barishal,2025-05-27,customer,650.33,"9,11,14,16,17,18,19,21",Df99afee2
U00751,Hasan Begum,Narayanganj,2025-03-22,customer,1388.51,"7,9,11,12,19,20",D64cda785
U00752,Jahid Begum,Rajshahi,2025-04-15,customer,671.37,"9,11,15,18,21",De95c7b2d
U00753,Rafiq Akter,Khulna,2026-06-03,customer,204.25,"9,12,14,16",D17263c1b
U00754,Dolly Begum,Comilla,2026-04-18,customer,384.31,"7,9,12,14,17,18,19,21",D8ee5919b
U00755,Jahid Rahman,Barishal,2026-02-28,customer,562.13,"7,13,14,21",D964e1e83
U00756,Shirin Rahman,Sylhet,2026-05-14,vendor,699.93,"12,15,18,20",D7015d592
U00757,Karim Begum,Comilla,2025-03-23,customer,1071.4,"8,9,12,14,16,17,19,21",D3653d41c
U00758,Fatema Akter,Dhaka,2026-06-03,customer,704.88,"7,10,12,13,14,16",Dac98173d
U00759,Rahim Ahmed,Comilla,2025-09-24,customer,112.4,"10,11,15,16,19",D7e9cc079
U00760,Tanvir Sultana,Narayanganj,2025-05-24,customer,223.92,"8,10,13,14,15,17,21",D28c4f9cf
U00761,Jahid Chowdhury,Barishal,2025-11-13,customer,1141.31,"12,13,17,21",D5427d704
U00762,Dolly Ahmed,Rajshahi,2026-01-16,customer,548.89,"7,11,12,14,19,20",Df20e1e9c
U00763,Nabila Begum,Narayanganj,2025-07-25,vendor,2544.41,"9,11,13,14,18,19,20",Dfa3938e1
U00764,Shakib Akter,Chattogram,2025-09-29,vendor,760.37,"9,10,11,14",D44bc50bd
U00765,Dolly Rahman,Narayanganj,2025-04-11,customer,491.09,"7,8,9,11,13,17,19,20",Dce41e121
U00766,Ruma Islam,Sylhet,2025-07-11,customer,382.96,"9,10,11,13,15",D725798b9
U00767,Jahid Hossain,Sylhet,2025-05-31,customer,506.63,"7,10,11,14,15,18,19,20",D10a00070
U00768,Mitu Islam,Chattogram,2025-03-30,customer,768.56,"8,9,11,13,14,17,20",Dfad3ca8d
U00769,Ruma Sultana,Rangpur,2025-07-06,customer,666.97,"8,12,14,16,18,19",D6c0050ff
U00770,Shakib Sultana,Dhaka,2025-05-14,customer,1563.37,"8,12,14,17,18,21",Df92a25da
U00771,Jahid Akter,Khulna,2025-05-26,customer,174.79,"7,9,12,14,16,21",D6296d98a
U00772,Shirin Uddin,Chattogram,2026-07-05,customer,194.38,"7,11,12,13,17,21",Dd0169fed
U00773,Nasrin Uddin,Barishal,2025-11-11,customer,543.33,"8,9,16,17,19",D7d709238
U00774,Ayesha Uddin,Narayanganj,2025-05-12,customer,1082.81,"11,12,17,18,20,21",Dded2049c
U00775,Ruma Chowdhury,Barishal,2026-02-02,customer,1317.17,"7,9,11,12,15",D01f9b269
U00776,Sabbir Uddin,Narayanganj,2025-04-17,customer,395.89,"8,9,10,15,20",De1b32b12
U00777,Ayesha Begum,Dhaka,2025-08-13,customer,64.59,"8,13,14,15,17,18,20,21",D157aa0d4
U00778,Shakib Akter,Khulna,2025-11-29,customer,406.82,"9,11,12,14,16,18",D4db6a558
U00779,Mitu Hossain,Khulna,2025-08-03,customer,946.36,"7,8,9,10,17,18",D2a141e55
U00780,Rahim Rahman,Rangpur,2026-04-16,customer,656.04,"8,13,18,19,21",D1120fe0a
U00781,Masud Islam,Mymensingh,2026-07-11,customer,1120.31,"7,8,15,17,19",Da9fed6a4
U00782,Ayesha Sultana,Rajshahi,2026-06-02,customer,1952.59,"7,8,11,17,20,21",D93b7cc0b
U00783,Jahid Hossain,Narayanganj,2025-10-05,customer,576.7,"7,8,9,12,17",D3b1ad68e
U00784,Shakib Sultana,Chattogram,2026-02-04,customer,446.32,"9,10,15,16,18,20",D7735d84b
U00785,Ayesha Khan,Comilla,2026-06-12,customer,299.97,"7,9,10,11,15,18,19,20",Dc24f3f5b
U00786,Lima Chowdhury,Rangpur,2025-05-23,customer,193.5,"8,9,12,14,16,18,20",D40bc1a9a
U00787,Ruma Akter,Sylhet,2026-04-14,customer,155.68,"8,9,10,12,13,14,17,19",Df6dfca2e
U00788,Imran Hossain,Mymensingh,2025-10-20,customer,364.25,"8,12,14,21",Dbc7a2635
U00789,Shirin Chowdhury,Rajshahi,2025-09-28,customer,1695.81,"10,13,14,15,17,20",Ddfa913f8
U00790,Lima Begum,Dhaka,2025-05-20,customer,1224.31,"14,19,20,21",D4f2be0f7
U00791,Jahid Chowdhury,Rangpur,2025-08-21,merchant,428.75,"8,13,14,15,16,17,20",D60ce16a5
U00792,Shila Chowdhury,Chattogram,2025-08-11,customer,4635.86,"8,9,10,12,16,17,18,21",D62153dea
U00793,Imran Akter,Mymensingh,2026-04-04,merchant,385.62,"11,14,16,17,18,19,21",Dfe87249a
U00794,Rafiq Rahman,Mymensingh,2025-08-25,customer,2146.44,"8,9,11,13,14,15,19,20",D19516088
U00795,Ruma Islam,Khulna,2026-04-05,customer,2711.78,"7,8,18,20,21",D57d1b0f4
U00796,Shakib Rahman,Mymensingh,2026-01-18,customer,1006.24,"8,9,11,12,15,16,17,21",D4b95d2f6
U00797,Tanvir Uddin,Comilla,2026-04-20,customer,361.43,"11,14,15,17,18,20",D099cce48
U00798,Tanvir Chowdhury,Mymensingh,2026-07-23,customer,478.77,"8,13,14,21",Dfe292689
U00799,Shirin Begum,Mymensingh,2025-12-09,customer,785.42,"7,9,15,17",D183629a4
U00800,Masud Rahman,Comilla,2025-12-24,customer,197.87,"8,11,13,14,18",D27ef4896
U00801,Rafiq Rahman,Narayanganj,2025-08-16,customer,277.42,"7,9,13,14,15,16,18,20",Dee8f3aa8
U00802,Masud Islam,Khulna,2025-03-22,customer,259.25,"7,11,12,16,17,19,21",Dd6c99245
U00803,Imran Ahmed,Rangpur,2025-05-30,customer,1078.13,"7,12,16,18,19,21",D3f1f6b07
U00804,Mitu Hossain,Narayanganj,2026-02-06,customer,1933.59,"7,10,12,13,17,18",D7e39c382
U00805,Nasrin Islam,Comilla,2026-06-19,customer,1270.36,"8,11,12,20",Da560627d
U00806,Shakib Chowdhury,Sylhet,2026-02-16,customer,1630.18,"13,14,16,17",Dd830b1d8
U00807,Masud Ahmed,Mymensingh,2026-07-22,customer,336.6,"7,12,13,16,18,19,21",D82be766f
U00808,Nasrin Sultana,Sylhet,2026-06-11,customer,497.5,"12,14,15,17,21",De9ad6214
U00809,Rafiq Islam,Sylhet,2026-01-27,customer,530.73,"8,10,11,14,15,17,21",Dc08c53d1
U00810,Masud Akter,Sylhet,2025-10-12,customer,1002.55,"8,10,16,17,18,19,21",D4f0c5dd7
U00811,Shakib Hossain,Rangpur,2026-06-28,vendor,4668.08,"8,10,11,12,13,14,15,19",Ddd9d3b5d
U00812,Dolly Begum,Dhaka,2025-08-27,vendor,372.72,"10,11,12,13,14,15,16,19",Dccd695ef
U00813,Masud Islam,Comilla,2025-09-14,customer,1533.11,"9,10,11,13,14,16,18,20",D57470f03
U00814,Nabila Chowdhury,Barishal,2026-04-21,customer,2632.32,"9,10,11,14,17,20",D2a5ce145
U00815,Shirin Begum,Sylhet,2025-05-18,customer,1050.53,"10,11,13,17",D9e338451
U00816,Shirin Rahman,Mymensingh,2025-08-15,vendor,478.92,"7,8,9,10,13,16,19,21",D27842225
U00817,Rahim Hossain,Sylhet,2025-10-19,customer,312.53,"7,9,10,11,13,17,20",D34a04d62
U00818,Tanvir Sultana,Sylhet,2025-08-29,customer,259.74,"7,8,9,14,16,17,18,19",D8e9cc359
U00819,Fatema Chowdhury,Khulna,2025-05-15,customer,113.33,"12,13,17,21",D09c1587e
U00820,Shakib Sultana,Comilla,2026-04-03,merchant,545.05,"8,15,16,18",D557dea33
U00821,Masud Chowdhury,Rajshahi,2026-03-26,customer,518.46,"8,10,12,16,18,20,21",D2332f02e
U00822,Nabila Hossain,Narayanganj,2025-04-10,merchant,1442.92,"8,9,10,11,14,20,21",Dedd32001
U00823,Ruma Khan,Sylhet,2026-07-04,merchant,393.56,"8,12,13,15,18,20,21",De772d31f
U00824,Rahim Sultana,Dhaka,2025-05-08,customer,572.26,"11,12,14,18,21",De3adfe1a
U00825,Rafiq Uddin,Rangpur,2025-05-28,customer,857.76,"10,17,18,19",D899e7711
U00826,Hasan Chowdhury,Dhaka,2026-02-24,customer,1034.71,"8,10,15,17,19,21",De18e34fd
U00827,Nasrin Rahman,Barishal,2025-04-23,customer,1288.7,"8,10,11,17,19,20,21",D3a230d78
U00828,Tanvir Chowdhury,Chattogram,2025-05-08,vendor,782.83,"7,8,11,13,14,17,19",Da005c172
U00829,Nabila Sultana,Comilla,2025-06-05,vendor,207.03,"8,11,12,15,18",Ddcbb1721
U00830,Hasan Begum,Dhaka,2025-07-20,customer,953.1,"7,9,14,17,18,19",D7c877281
U00831,Ayesha Begum,Rajshahi,2026-01-08,customer,370.1,"8,11,12,16,17",Db50c84ec
U00832,Hasan Rahman,Khulna,2025-11-10,customer,2027.29,"12,13,16,17,20",D65f02c45
U00833,Fatema Chowdhury,Barishal,2026-03-21,customer,678.0,"10,11,12,16,17",Dc896ebd4
U00834,Shila Khan,Chattogram,2026-04-30,customer,826.07,"7,10,13,15,16,17,21",D2893d96f
U00835,Shila Hossain,Khulna,2025-03-21,customer,6915.46,"7,9,10,11,13,16,18",D8dad6319
U00836,Hasan Rahman,Chattogram,2026-06-17,customer,1310.29,"7,8,9,13,15,16",Dd760dc86
U00837,Ruma Chowdhury,Khulna,2026-04-09,customer,937.34,"10,11,18,19,20",D436554a2
U00838,Sabbir Chowdhury,Khulna,2025-12-24,customer,587.21,"10,11,16,17,18",Df70f04ef
U00839,Hasan Khan,Barishal,2026-01-04,customer,220.99,"7,10,11,16,20",Dc901b999
U00840,Imran Chowdhury,Narayanganj,2025-10-07,customer,551.08,"7,8,9,10,12,13,14",Dcdb7d130
U00841,Tanvir Khan,Mymensingh,2026-03-23,customer,309.37,"7,8,15,19",D9347327d
U00842,Rafiq Uddin,Narayanganj,2025-04-23,customer,2989.66,"7,16,17,19,20,21",D216ef9b6
U00843,Masud Begum,Sylhet,2026-01-18,customer,948.81,"7,9,12,13,15,17",D207d9bb3
U00844,Jahid Hossain,Chattogram,2026-05-07,customer,1952.7,"8,9,12,13,14,15,20,21",Dc8e2ac67
U00845,Lima Chowdhury,Sylhet,2026-02-22,customer,384.21,"9,11,14,18",D42cd7b77
U00846,Nabila Begum,Barishal,2025-04-26,vendor,328.19,"11,12,15,16,19,20",D265c82eb
U00847,Sabbir Begum,Dhaka,2025-07-20,customer,1192.08,"7,9,14,15,17,18,19",D77bad6f6
U00848,Nabila Ahmed,Mymensingh,2026-04-06,customer,299.24,"7,9,11,14,20",De4200fda
U00849,Jahid Ahmed,Barishal,2026-07-12,merchant,448.67,"8,12,14,15,17,18,20",D1f77c1fe
U00850,Rafiq Sultana,Narayanganj,2026-06-15,merchant,3147.2,"9,11,15,19,20",D6f9ec65a
U00851,Ruma Ahmed,Barishal,2026-04-15,customer,464.21,"7,8,9,10,13,15,16,19",Dc5a46d89
U00852,Ayesha Akter,Khulna,2026-07-19,customer,185.58,"8,12,13,16,17,21",D0f68178f
U00853,Ruma Rahman,Sylhet,2026-07-18,customer,136.36,"14,17,18,20",Df1af059e
U00854,Hasan Akter,Narayanganj,2025-10-01,customer,168.5,"7,12,16,17",D4c5e29cc
U00855,Tanvir Islam,Chattogram,2026-05-27,customer,2072.12,"7,11,17,19,20",D99f00860
U00856,Rahim Khan,Khulna,2025-10-25,customer,404.77,"8,9,10,11,13,19,20,21",Dd8c886a6
U00857,Ruma Chowdhury,Sylhet,2026-01-15,customer,6650.05,"8,9,11,17,19,20,21",De7281d3e
U00858,Hasan Chowdhury,Mymensingh,2025-04-26,customer,2664.84,"8,9,10,12,14,15,17,20",Dde0874e5
U00859,Nabila Ahmed,Dhaka,2026-03-17,customer,4046.0,"8,9,12,13,16,18,20,21",D02a4547b
U00860,Ruma Uddin,Comilla,2025-11-12,customer,1671.8,"9,10,14,17,18,20",Dae0df04e
U00861,Jahid Hossain,Rajshahi,2026-06-20,merchant,1133.74,"8,9,11,13,14,21",D2e1f40ae
U00862,Ayesha Uddin,Rangpur,2025-11-07,customer,318.5,"7,8,11,15,16,18,19",D027f921a
U00863,Rafiq Akter,Sylhet,2026-01-02,customer,663.12,"14,16,17,18",D3b70afdb
U00864,Hasan Begum,Khulna,2025-10-06,customer,1244.82,"7,8,15,19",D7bb32be3
U00865,Hasan Sultana,Sylhet,2025-05-27,customer,1571.48,"7,8,11,12,13,14,18",Dc8b944d9
U00866,Rafiq Ahmed,Rangpur,2026-02-08,customer,238.05,"8,9,10,16,18",D911268e8
U00867,Nasrin Rahman,Mymensingh,2025-11-01,customer,558.75,"7,8,13,21",D589119de
U00868,Imran Hossain,Chattogram,2025-08-12,customer,617.44,"11,12,14,16,17,18,20",D131eda9d
U00869,Rahim Khan,Mymensingh,2026-05-29,customer,596.11,"7,8,10,20,21",D8ce65109
U00870,Sabbir Ahmed,Sylhet,2025-09-03,customer,264.6,"10,13,15,17,21",D57c59772
U00871,Hasan Rahman,Mymensingh,2025-07-03,customer,3528.69,"7,8,9,13,14,16,21",D16be80c3
U00872,Tanvir Islam,Chattogram,2026-07-22,merchant,542.49,"7,10,11,13,16,20,21",Dbce03523
U00873,Shirin Islam,Mymensingh,2025-09-13,customer,280.48,"13,14,15,16,17,18,20",D85d89ace
U00874,Karim Uddin,Dhaka,2026-01-09,customer,3626.88,"10,14,15,16,17,18,20",D31b06c29
U00875,Ruma Sultana,Barishal,2025-12-28,customer,2667.56,"8,11,12,13,14,15,17,19",D504dbd9e
U00876,Hasan Khan,Comilla,2025-12-15,customer,755.06,"7,9,10,11,12,14,18",D0f915dc5
U00877,Imran Chowdhury,Barishal,2026-04-11,vendor,135.42,"9,11,12,14,16,17,20,21",Dcf6e40ea
U00878,Ruma Begum,Khulna,2025-06-20,merchant,437.28,"8,9,10,11,16,19,20",D0f71659b
U00879,Shirin Khan,Rajshahi,2026-04-21,merchant,158.34,"8,13,14,16,20",Dfc661ce3
U00880,Nasrin Begum,Comilla,2025-10-20,customer,1056.0,"7,11,12,20",Dadf3ad5c
U00881,Mitu Ahmed,Comilla,2026-07-16,customer,411.81,"8,12,13,16",D2a888fa2
U00882,Jahid Uddin,Narayanganj,2026-04-09,customer,648.87,"7,11,12,15,19,20,21",Dd6be4d38
U00883,Ayesha Ahmed,Narayanganj,2025-08-24,customer,3278.12,"7,14,18,19",D7fc15b22
U00884,Ayesha Begum,Chattogram,2025-09-23,customer,386.84,"7,15,20,21",D05e075ce
U00885,Hasan Uddin,Mymensingh,2025-05-13,customer,1014.24,"9,11,12,18,21",Dc70f88c9
U00886,Jahid Ahmed,Rajshahi,2025-07-22,vendor,1325.4,"9,12,17,19",Dc489dded
U00887,Shakib Begum,Chattogram,2025-12-20,customer,2006.69,"7,10,11,12,14,19,21",D299e473f
U00888,Jahid Uddin,Rangpur,2026-03-18,customer,607.81,"10,12,13,17,18,19",Dac539e6b
U00889,Hasan Uddin,Barishal,2025-06-24,customer,553.74,"9,13,18,19,20",D81645b2d
U00890,Shakib Ahmed,Chattogram,2025-04-05,customer,542.49,"7,9,14,19",D690b4556
U00891,Karim Begum,Narayanganj,2026-02-09,customer,925.77,"7,9,13,18,19,21",D8fddffd6
U00892,Rahim Hossain,Comilla,2026-07-03,customer,2548.91,"11,12,13,15,17,18,20,21",D568ba606
U00893,Dolly Sultana,Narayanganj,2025-09-23,customer,521.12,"10,13,14,17,18",Decf0d057
U00894,Fatema Islam,Comilla,2025-09-02,customer,75.05,"10,11,12,13,17,18,19",D7f1481e6
U00895,Sabbir Ahmed,Comilla,2026-02-11,merchant,1473.86,"9,11,15,17,18,20,21",Dc2c287a3
U00896,Rahim Uddin,Narayanganj,2025-10-23,vendor,706.48,"7,9,12,15,17,19",Dd586c5e9
U00897,Shakib Ahmed,Dhaka,2026-03-22,customer,1058.22,"11,13,18,19,20",D53e2be81
U00898,Ayesha Rahman,Sylhet,2025-05-28,customer,162.99,"7,8,11,12,15,17",D8a110baf
U00899,Masud Sultana,Comilla,2025-10-12,vendor,413.17,"10,12,14,18",D4cd3194a
U00900,Shakib Khan,Chattogram,2025-05-26,customer,1359.45,"9,10,11,12,13,16,17,19",D2c16cac9
U00901,Nabila Ahmed,Chattogram,2026-02-15,customer,215.11,"8,9,10,12,13,14,16,19",D5affe9aa
U00902,Shakib Chowdhury,Narayanganj,2026-07-01,customer,1012.1,"8,9,10,12,14,19,21",D8cb6385a
U00903,Nabila Begum,Khulna,2025-10-19,customer,644.14,"11,13,14,15,16,17,19,20",D4332442e
U00904,Shakib Ahmed,Rajshahi,2025-11-16,merchant,343.39,"9,14,15,18,21",D9d0b3770
U00905,Ayesha Ahmed,Barishal,2025-12-11,customer,320.79,"7,8,9,12,13,15,18",Dc6aa19e1
U00906,Lima Hossain,Sylhet,2025-10-13,merchant,266.6,"7,8,9,11,12,15",Dca611d70
U00907,Nabila Islam,Sylhet,2025-11-26,customer,703.11,"9,16,19,20",D942a72c4
U00908,Dolly Akter,Chattogram,2025-05-03,customer,779.61,"7,8,9,10,14,18",D18644efc
U00909,Masud Rahman,Barishal,2025-05-13,customer,478.03,"11,13,14,16",Dc5b91964
U00910,Hasan Rahman,Mymensingh,2025-06-27,customer,253.43,"9,14,15,16,17,18,20",D5ca0347a
U00911,Imran Khan,Rangpur,2026-05-17,vendor,50.0,"8,13,16,17,19,20",D0651367a
U00912,Masud Hossain,Comilla,2026-02-09,customer,985.26,"7,8,9,11,14,17,18,21",D8049bb5e
U00913,Shila Uddin,Narayanganj,2025-09-05,customer,1500.48,"8,10,15,17",Da79a35f9
U00914,Shakib Islam,Chattogram,2025-07-10,customer,1161.23,"10,14,15,16",Dd052c51a
U00915,Dolly Sultana,Barishal,2025-08-29,customer,4237.57,"7,8,9,10,11,14,16,18",D479ab905
U00916,Shakib Akter,Rangpur,2026-01-08,customer,564.19,"7,9,12,13,14,17,19,21",D191ed07f
U00917,Shirin Begum,Khulna,2026-03-23,customer,2292.48,"8,9,15,21",Daec4c8eb
U00918,Nasrin Islam,Narayanganj,2026-03-24,customer,371.9,"9,11,13,17",D2401ec20
U00919,Ayesha Akter,Khulna,2025-03-27,customer,323.99,"7,9,11,13,18,20",D7605c706
U00920,Shila Sultana,Rajshahi,2026-01-02,customer,742.78,"7,8,10,11,13,17",D0d5a140d
U00921,Dolly Chowdhury,Chattogram,2025-11-22,merchant,2870.41,"7,8,11,12,13,14,15,19",D59f1be8d
U00922,Rafiq Uddin,Narayanganj,2025-11-27,vendor,511.51,"7,10,13,17",D99ce5f18
U00923,Jahid Hossain,Narayanganj,2025-08-21,customer,162.9,"10,15,17,19",D3ac9c7d9
U00924,Dolly Begum,Rajshahi,2026-01-05,customer,1472.62,"8,9,10,12,15,17,20",Da377ce99
U00925,Nasrin Islam,Dhaka,2025-10-30,customer,620.14,"7,11,14,15,18,19,21",D5f6c0aba
U00926,Masud Uddin,Sylhet,2025-04-11,merchant,870.33,"10,11,12,13,16,17,21",D6c6c85be
U00927,Fatema Chowdhury,Chattogram,2026-07-09,customer,338.12,"8,11,15,16,18",D2ab80060
U00928,Shila Uddin,Barishal,2025-06-02,customer,736.53,"10,11,13,15,18",Dd3667ffc
U00929,Mitu Akter,Barishal,2025-05-06,customer,182.28,"11,14,17,18,19,20",Dc079f82c
U00930,Rahim Islam,Khulna,2026-04-16,customer,3590.22,"7,9,12,14,16,18,19",D95c01b23
U00931,Dolly Islam,Mymensingh,2026-01-02,customer,1758.2,"8,13,14,15,16,18,20,21",D89d3f223
U00932,Lima Chowdhury,Khulna,2025-08-22,customer,707.03,"12,13,16,20",D50c31bac
U00933,Hasan Islam,Rajshahi,2025-05-29,customer,1432.96,"8,10,12,14",D9ac5d959
U00934,Lima Khan,Chattogram,2025-07-17,merchant,372.71,"11,17,18,19",Dad798e22
U00935,Karim Hossain,Mymensingh,2025-06-10,merchant,1680.7,"10,11,12,14,17,18,19,21",Deb35add8
U00936,Nasrin Uddin,Rajshahi,2025-04-25,customer,492.11,"7,8,10,11,13,14,17,21",D53066001
U00937,Jahid Hossain,Narayanganj,2025-08-29,merchant,462.53,"8,9,16,17,18,19,20,21",D002e5892
U00938,Rahim Uddin,Narayanganj,2025-05-20,customer,281.57,"10,11,15,18,21",D26feae01
U00939,Nabila Hossain,Chattogram,2026-03-25,customer,973.83,"7,12,13,14,17,18,19,21",Db6022c75
U00940,Nabila Uddin,Mymensingh,2025-08-18,vendor,679.8,"7,10,11,12,14,15,17,21",D5b218b7f
U00941,Masud Islam,Rajshahi,2026-02-21,customer,2370.84,"8,10,12,13",D1403a745
U00942,Ayesha Islam,Mymensingh,2025-03-19,merchant,255.66,"8,9,10,11,12,20,21",D9b9d31fb
U00943,Rafiq Khan,Chattogram,2025-12-23,customer,977.97,"12,16,17,19",D1ad01fcd
U00944,Mitu Ahmed,Narayanganj,2025-12-02,customer,1936.52,"7,12,15,20,21",D1d3d680f
U00945,Karim Islam,Rangpur,2025-09-18,merchant,6840.44,"8,14,16,17,19,20,21",De71d190e
U00946,Karim Hossain,Narayanganj,2026-02-22,customer,792.3,"7,9,14,19",Dd7937916
U00947,Imran Chowdhury,Chattogram,2025-09-15,merchant,484.03,"7,8,11,15,17,18,21",D25915d5f
U00948,Imran Rahman,Rangpur,2025-09-19,customer,774.03,"7,10,14,16,17,19,20",Dc9b548ce
U00949,Masud Khan,Chattogram,2025-05-08,customer,2177.29,"7,8,12,14,16,17,18,19",Dbee0caf9
U00950,Sabbir Sultana,Khulna,2026-06-10,customer,2176.35,"8,16,18,21",D7efba582
U00951,Jahid Islam,Dhaka,2025-09-09,customer,598.09,"9,10,11,12,13,14,16,18",D30841b15
U00952,Masud Uddin,Khulna,2026-05-28,customer,2137.29,"11,12,13,15,16,17",D92d06fae
U00953,Masud Begum,Dhaka,2026-05-18,customer,651.59,"7,11,12,15,16,19,21",Df4f82623
U00954,Sabbir Ahmed,Barishal,2026-04-02,customer,1417.37,"7,10,12,13,15,19,20,21",D0febbd15
U00955,Shila Hossain,Rangpur,2026-04-27,customer,1087.96,"12,14,16,17,18,20,21",Da25ceced
U00956,Mitu Islam,Rajshahi,2026-02-14,customer,467.51,"7,8,14,19,20",D103d855c
U00957,Tanvir Chowdhury,Rajshahi,2025-08-12,customer,289.99,"10,14,16,19,21",D764068f6
U00958,Lima Islam,Comilla,2026-01-09,customer,1989.11,"7,8,12,20,21",D6463e781
U00959,Lima Islam,Dhaka,2026-06-04,merchant,2615.43,"10,11,14,16,17",D7962b5f0
U00960,Tanvir Uddin,Rajshahi,2026-04-22,customer,956.57,"9,10,11,20,21",De1949db7
U00961,Jahid Chowdhury,Chattogram,2026-05-02,customer,650.81,"7,8,9,11,21",D3f449ae9
U00962,Nasrin Uddin,Narayanganj,2026-02-09,customer,230.18,"10,11,12,14,18",D1d8e27c4
U00963,Sabbir Uddin,Rangpur,2025-05-07,customer,1937.03,"8,9,10,17,18,19,21",Dff57faf8
U00964,Shila Sultana,Rajshahi,2025-08-11,customer,858.3,"7,10,12,13,16,17",D33646973
U00965,Shakib Sultana,Mymensingh,2025-05-21,merchant,526.89,"7,9,10,11,12,19,20,21",D585e1903
U00966,Shila Ahmed,Khulna,2026-04-16,customer,1457.05,"14,17,19,21",D85654626
U00967,Hasan Begum,Barishal,2025-11-14,customer,198.07,"12,14,15,17,18,19,21",D8228c7d7
U00968,Rafiq Sultana,Rangpur,2025-08-02,customer,270.35,"14,15,17,18,19,20",D1a2a3957
U00969,Sabbir Hossain,Rangpur,2025-09-09,customer,361.42,"7,10,13,14,17,18,19,21",D4ea4b285
U00970,Fatema Hossain,Mymensingh,2025-05-03,merchant,1056.29,"8,9,11,12,15,16,20",D8412ec3c
U00971,Tanvir Chowdhury,Mymensingh,2025-11-09,customer,781.82,"7,10,14,15,16,20",D7d9afa64
U00972,Rahim Begum,Mymensingh,2025-12-05,customer,1177.62,"11,12,13,14,19,20,21",D57bfc7e6
U00973,Shakib Uddin,Chattogram,2026-04-04,merchant,1805.75,"8,11,12,15,17,20",D8331da4c
U00974,Karim Uddin,Rajshahi,2025-06-25,customer,1218.43,"8,10,12,18,19,21",Dfea045cf
U00975,Rafiq Khan,Narayanganj,2026-02-12,customer,3677.15,"11,12,17,19,21",D2cc90cd0
U00976,Masud Islam,Mymensingh,2026-05-23,customer,1801.5,"7,11,12,13,15,18,20,21",De12a43fe
U00977,Shakib Sultana,Comilla,2025-09-01,customer,596.84,"9,10,13,14,16,17,18,19",D3157db66
U00978,Nabila Chowdhury,Rajshahi,2025-07-10,customer,410.84,"8,10,12,14,18,20,21",D41bbc2bb
U00979,Shirin Islam,Mymensingh,2025-12-20,merchant,613.1,"7,9,12,15,16,17,20",D8af853f9
U00980,Dolly Hossain,Barishal,2025-06-13,customer,1259.55,"10,12,13,17,18,19",Dfdb7b9e4
U00981,Jahid Akter,Narayanganj,2025-10-05,merchant,449.47,"7,9,16,19",D670fb9eb
U00982,Dolly Chowdhury,Rajshahi,2025-09-13,customer,1293.27,"8,10,13,16,17,18,20,21",Dcfe94a89
U00983,Shirin Ahmed,Khulna,2025-12-01,vendor,1157.28,"12,14,16,17",D6f905265
U00984,Fatema Chowdhury,Sylhet,2026-06-09,merchant,286.61,"7,9,10,14,16,18,20,21",D764ae5da
U00985,Karim Akter,Comilla,2026-04-18,customer,1767.61,"8,11,14,15,17",D15ff5a31
U00986,Ayesha Begum,Comilla,2026-07-27,customer,925.71,"9,12,13,19,20",Ddbec1705
U00987,Nabila Rahman,Khulna,2025-12-30,customer,3478.53,"8,9,10,11,13,18,21",D153d71cc
U00988,Rahim Begum,Mymensingh,2025-09-26,customer,653.62,"10,11,14,15,16,17,19,21",D2566694a
U00989,Hasan Rahman,Narayanganj,2026-06-30,customer,506.3,"10,12,14,15,16,19,21",De806b89f
U00990,Shirin Chowdhury,Narayanganj,2026-07-12,customer,257.67,"11,12,14,17",D8efb9a68
U00991,Hasan Chowdhury,Khulna,2025-06-06,customer,254.42,"9,10,13,16,21",D0c01dbc3
U00992,Fatema Khan,Mymensingh,2025-08-09,merchant,1564.43,"7,8,9,10,11,13,15,18",D568bed75
U00993,Nasrin Hossain,Rajshahi,2026-01-03,customer,3101.22,"8,12,13,14,15,19,20,21",D98a12562
U00994,Hasan Chowdhury,Barishal,2025-11-15,customer,605.46,"7,8,14,17",D70ddee8c
U00995,Jahid Akter,Mymensingh,2025-07-16,customer,571.38,"7,8,10,11,13,18,20",D5c3b669b
U00996,Ruma Hossain,Khulna,2025-11-26,customer,708.43,"8,9,10,14,15,17,21",D2dcf4852
U00997,Ayesha Uddin,Rangpur,2026-05-06,merchant,1892.57,"8,9,11,16",De7ebcbf8
U00998,Rafiq Begum,Mymensingh,2026-05-07,customer,288.7,"7,17,19,21",D47b9271d
U00999,Sabbir Rahman,Dhaka,2026-01-30,merchant,824.3,"7,10,15,17,18",Dd4fb83dc
U01000,Karim Sultana,Dhaka,2025-05-30,merchant,1599.87,"8,11,13,14,17,18,20,21",D6340eaa7
U01001,Rahim Chowdhury,Dhaka,2026-07-08,customer,1044.18,"8,10,12,17,19,20,21",D1d014ba9
U01002,Ayesha Begum,Khulna,2026-07-25,customer,58.39,"8,10,17,19,20,21",D572ceb5d
U01003,Dolly Chowdhury,Rangpur,2026-07-10,customer,1224.26,"8,10,12,15,16,19,21",Df8bd30b5
U01004,Rahim Chowdhury,Barishal,2026-06-01,merchant,1053.72,"8,9,10,12,19",D91d358a7
U01005,Karim Ahmed,Rajshahi,2026-07-26,customer,2289.97,"8,10,11,12,14,17,21",D4e74930f
U01006,Nasrin Hossain,Chattogram,2026-01-03,customer,2838.56,"8,14,15,16,19,20",De2145d38
U01007,Nasrin Akter,Mymensingh,2025-09-28,customer,2172.04,"9,12,13,17,18,21",Df2f29c78
U01008,Mitu Uddin,Narayanganj,2026-06-28,customer,711.87,"7,13,14,15,16,20",D825fcb57
U01009,Shirin Khan,Rangpur,2025-08-06,customer,157.31,"7,8,10,16",D3c5ae967
U01010,Ruma Hossain,Rajshahi,2025-07-10,vendor,4693.1,"7,8,9,12,16",D5f7fb29a
U01011,Jahid Hossain,Barishal,2026-05-16,customer,567.76,"7,10,12,14,16,17,21",D87fbf229
U01012,Shirin Islam,Rajshahi,2025-09-06,customer,691.76,"13,15,17,19",Da9e9d559
U01013,Mitu Sultana,Rangpur,2025-05-25,customer,3058.09,"7,10,12,15,19,20",Dc9bdb1d4
U01014,Fatema Khan,Dhaka,2025-11-08,customer,340.96,"7,8,9,14,17,20",Df72f61c0
U01015,Dolly Khan,Rajshahi,2025-09-11,customer,202.75,"8,9,10,16,20",D0a6ddddd
U01016,Nasrin Khan,Rajshahi,2025-11-15,vendor,451.98,"11,13,14,18",D90c6701d
U01017,Hasan Khan,Sylhet,2025-12-27,customer,356.67,"10,11,16,19,21",D6a043d1e
U01018,Nabila Uddin,Narayanganj,2025-05-17,customer,187.6,"8,9,12,13,14,16,19",D97ff9825
U01019,Fatema Hossain,Narayanganj,2025-07-21,customer,617.21,"7,9,13,14,16,19,21",D76dff5da
U01020,Hasan Hossain,Mymensingh,2025-10-30,customer,716.37,"9,11,13,15,18",Dd04f325e
U01021,Sabbir Begum,Rajshahi,2026-03-09,customer,179.15,"8,9,12,14,15,16,19",D9e609eaa
U01022,Lima Rahman,Rangpur,2026-07-30,customer,503.56,"15,18,19,20",D3428105c
U01023,Nabila Islam,Chattogram,2025-04-15,customer,338.0,"8,11,12,13,14,18,21",D07012e12
U01024,Lima Islam,Rangpur,2026-01-16,vendor,123.02,"9,10,11,12,13,14,15,19",Df04f6dba
U01025,Jahid Hossain,Narayanganj,2025-04-14,customer,737.69,"7,10,12,14,17,18,20",Dbd871546
U01026,Nasrin Islam,Chattogram,2025-12-11,customer,805.83,"10,11,16,17,19",D72a3a76f
U01027,Masud Ahmed,Comilla,2025-07-03,customer,338.06,"13,17,18,19",D973eb770
U01028,Shirin Uddin,Comilla,2025-04-23,customer,1751.81,"9,11,13,20,21",D4a7b3296
U01029,Jahid Hossain,Rajshahi,2025-08-29,customer,678.02,"8,11,12,13,16,17,18",D632f3980
U01030,Fatema Chowdhury,Comilla,2025-04-12,customer,351.58,"7,8,9,11,14,18,19",De8b09e44
U01031,Jahid Khan,Mymensingh,2025-12-31,customer,170.32,"9,12,13,18,19,21",D6aeaf8f3
U01032,Sabbir Hossain,Rangpur,2026-04-30,customer,845.91,"7,8,9,10,14,16,17,18",D686d3e27
U01033,Ayesha Hossain,Chattogram,2025-12-19,customer,1051.37,"8,9,11,13,17,19,20,21",D740551f4
U01034,Ayesha Islam,Dhaka,2026-02-07,customer,430.63,"10,14,16,19",D45aac4fb
U01035,Ayesha Khan,Comilla,2026-03-18,customer,759.08,"7,16,17,19",D479ab0d0
U01036,Ruma Rahman,Barishal,2025-06-22,customer,2838.41,"11,13,15,16",D4f143716
U01037,Imran Chowdhury,Narayanganj,2025-09-26,customer,1490.93,"10,12,17,18,19,20,21",D892c8817
U01038,Imran Begum,Dhaka,2026-07-03,customer,95.91,"7,8,12,14,19,20",D0fcaea0a
U01039,Mitu Akter,Mymensingh,2025-09-27,customer,348.19,"11,15,18,20",De80865af
U01040,Lima Islam,Barishal,2025-09-19,customer,591.03,"7,10,12,13,15,17,19",Df592c007
U01041,Nabila Rahman,Chattogram,2025-08-19,customer,712.78,"8,10,12,13,14,16,20",D99b5b134
U01042,Karim Begum,Mymensingh,2025-07-22,customer,774.17,"9,10,11,15,16,18,20",D2237e620
U01043,Hasan Begum,Mymensingh,2025-06-20,customer,990.04,"11,15,17,20",Df3973e03
U01044,Mitu Khan,Khulna,2025-03-31,customer,608.67,"10,14,15,17",Dd47a9251
U01045,Nasrin Akter,Rangpur,2025-07-12,merchant,676.52,"7,8,13,18",Dcc48a2e6
U01046,Jahid Uddin,Mymensingh,2025-07-05,customer,1568.42,"8,10,11,14,17,18",De82c37aa
U01047,Imran Chowdhury,Comilla,2026-06-16,customer,861.27,"8,10,12,16,19,20",D37c2726d
U01048,Ayesha Ahmed,Barishal,2025-03-25,customer,237.61,"8,10,11,17,18,19,20",D2bbc3160
U01049,Imran Sultana,Dhaka,2025-07-18,customer,733.41,"8,9,10,12,16,17,18,21",D4ebe6a2e
U01050,Nabila Akter,Barishal,2026-02-23,customer,592.48,"10,13,15,16",Da6ccfc89
U01051,Ayesha Chowdhury,Dhaka,2025-06-19,customer,122.28,"10,15,16,17,19",Db3189dc1
U01052,Shila Hossain,Khulna,2025-10-30,customer,768.06,"9,10,11,12,14,17,20",Dd115232e
U01053,Ayesha Hossain,Narayanganj,2025-07-15,customer,263.77,"11,12,15,16",Df65c63c5
U01054,Tanvir Begum,Rajshahi,2025-11-30,customer,1591.63,"7,11,13,14,18",D6639af73
U01055,Imran Hossain,Khulna,2025-05-24,customer,976.99,"7,9,14,18,21",D3e7faea9
U01056,Fatema Uddin,Sylhet,2026-07-21,customer,227.18,"12,13,14,15,17,19,20,21",D16713bc4
U01057,Jahid Akter,Narayanganj,2026-03-10,customer,1521.18,"8,13,15,18,20",Dddb4abde
U01058,Nasrin Sultana,Khulna,2025-05-15,merchant,2329.06,"11,14,18,20",D110f5793
U01059,Masud Ahmed,Khulna,2025-12-18,merchant,531.1,"7,9,10,11,12,18,19",D68becfde
U01060,Nasrin Islam,Chattogram,2026-01-21,customer,589.41,"7,8,9,12,14,17,20",D7b28d2a1
U01061,Karim Ahmed,Rajshahi,2025-11-11,customer,1379.85,"9,10,13,16,17,20",De4265ab0
U01062,Hasan Chowdhury,Sylhet,2026-01-10,customer,2151.47,"8,9,11,13,16,17,18",D4bf131c7
U01063,Shakib Khan,Dhaka,2025-09-12,customer,148.97,"7,8,12,14,17,18,19",D4cff901f
U01064,Ruma Chowdhury,Sylhet,2025-10-05,customer,249.17,"8,9,11,13,14,16,18,21",D4f85c54c
U01065,Nasrin Chowdhury,Dhaka,2025-10-13,customer,459.56,"8,12,15,18,21",De3e72c25
U01066,Sabbir Ahmed,Khulna,2026-01-12,customer,504.1,"8,14,15,16,18,19,20,21",D185d46d8
U01067,Jahid Sultana,Rajshahi,2025-05-17,customer,1341.7,"7,8,9,12,14,15,18,19",D3b064fc9
U01068,Ayesha Uddin,Sylhet,2025-09-01,customer,2163.06,"7,8,11,15,21",D12970487
U01069,Dolly Rahman,Khulna,2026-01-27,customer,2335.81,"7,9,10,11,13,16,17,18",D8595f605
U01070,Sabbir Ahmed,Dhaka,2025-10-10,customer,146.19,"12,15,16,17,18,19,20",D09df1b45
U01071,Jahid Sultana,Comilla,2026-04-02,customer,322.05,"9,10,11,21",D008835d7
U01072,Rafiq Chowdhury,Khulna,2026-04-13,vendor,219.0,"8,9,11,12,13,16,18,20",D27ea88dd
U01073,Fatema Hossain,Rajshahi,2026-01-09,customer,390.25,"8,9,10,11,13,15,17",D1dda10f3
U01074,Nabila Begum,Barishal,2025-08-01,customer,320.97,"9,15,16,17,20,21",Dd940fc73
U01075,Dolly Ahmed,Comilla,2025-06-24,customer,974.24,"7,8,10,11,13,16,17",D8f165809
U01076,Tanvir Hossain,Khulna,2026-01-05,customer,1087.52,"8,12,17,21",D09a7b507
U01077,Imran Ahmed,Chattogram,2025-05-14,customer,669.0,"7,8,10,11,13",D56c2807f
U01078,Dolly Hossain,Narayanganj,2026-05-04,customer,614.29,"8,11,12,14,15,16,18,20",Df1da0791
U01079,Nasrin Akter,Comilla,2026-06-12,customer,476.75,"9,12,13,19",D9b71bf2d
U01080,Shakib Begum,Khulna,2025-10-23,customer,526.94,"7,9,11,13,14,16,20,21",Ddafeba64
U01081,Shila Chowdhury,Mymensingh,2026-05-20,merchant,2803.94,"7,10,11,12,16,17,18",Dc5804132
U01082,Shakib Khan,Sylhet,2026-04-30,customer,1245.46,"11,12,13,14,15,17,19",Db7c3a36c
U01083,Fatema Ahmed,Chattogram,2025-09-10,merchant,492.53,"11,12,13,19",D6725c6ef
U01084,Shirin Uddin,Mymensingh,2025-07-24,customer,603.91,"7,8,9,16,21",D9bbc488c
U01085,Jahid Rahman,Mymensingh,2025-06-14,customer,995.2,"13,15,17,18",Dd07a1d0f
U01086,Dolly Akter,Rajshahi,2025-11-11,customer,227.12,"7,8,10,13,16,18,19,21",Df4abcae1
U01087,Nasrin Ahmed,Barishal,2025-07-19,customer,756.46,"7,9,10,14,15,16,17,20",Dbb242583
U01088,Imran Begum,Barishal,2025-05-29,customer,1181.15,"7,12,13,14,15",Da36019ff
U01089,Ayesha Hossain,Sylhet,2025-03-23,customer,1043.94,"10,12,15,17",Df0230c4f
U01090,Imran Khan,Sylhet,2025-11-27,customer,327.34,"7,10,11,16,17,18",Def5311c5
U01091,Shila Rahman,Barishal,2025-04-13,customer,380.41,"7,12,14,16,18,19,20,21",Df104792c
U01092,Lima Islam,Chattogram,2026-03-02,customer,112.01,"7,8,9,12,13,18",Df2753b8a
U01093,Ruma Islam,Khulna,2025-12-24,customer,1303.91,"8,9,10,13,15,19,20",D44b39491
U01094,Nabila Begum,Comilla,2025-07-04,customer,4301.31,"10,11,12,13,14,18",Ddef36b81
U01095,Lima Chowdhury,Dhaka,2025-06-12,customer,290.78,"8,9,14,17,19,20",Df95be891
U01096,Imran Chowdhury,Barishal,2026-01-30,customer,1791.6,"7,8,9,10,11",Dddb634b5
U01097,Rafiq Ahmed,Rangpur,2025-04-27,customer,3875.82,"9,10,14,17",Dc009cc1e
U01098,Jahid Ahmed,Chattogram,2025-11-24,customer,437.56,"9,12,13,14,15,17,18,19",D8a32799b
U01099,Rahim Khan,Dhaka,2025-06-22,customer,604.65,"9,12,15,21",D4143980d
U01100,Shirin Hossain,Mymensingh,2025-08-19,customer,835.78,"7,13,14,16,18,21",D0ef1597d
U01101,Rafiq Ahmed,Sylhet,2026-06-20,merchant,1013.26,"9,10,15,16,18,19,21",D3f296f3d
U01102,Ayesha Uddin,Narayanganj,2025-08-08,customer,877.65,"10,13,14,17,20",De27ee186
U01103,Mitu Ahmed,Khulna,2026-05-01,customer,467.55,"9,16,17,19,20",Dbf3210fe
U01104,Rahim Sultana,Rajshahi,2026-01-08,vendor,1163.76,"9,10,11,13",De954374e
U01105,Mitu Khan,Barishal,2026-06-16,customer,476.92,"11,13,15,21",D8a10133e
U01106,Rafiq Akter,Sylhet,2025-12-26,customer,933.92,"7,8,11,13,15,17,21",Deb73ee65
U01107,Karim Islam,Dhaka,2025-04-06,merchant,647.85,"7,9,10,12,13,18",De7a536dd
U01108,Nabila Begum,Sylhet,2025-08-28,customer,134.86,"8,10,11,14,16,20",Ddf6ec029
U01109,Jahid Akter,Barishal,2025-04-03,customer,2070.88,"7,8,11,12,15,18,21",Dffd05a62
U01110,Mitu Hossain,Rajshahi,2025-07-18,customer,389.13,"12,15,16,18,19,20",D22fa1e92
U01111,Masud Khan,Rajshahi,2025-10-06,customer,2291.57,"7,8,9,16,17,20,21",D7e705b2d
U01112,Ruma Khan,Comilla,2025-08-06,vendor,1720.64,"8,11,12,15,16,20,21",Da6544425
U01113,Rafiq Uddin,Barishal,2025-07-28,customer,813.15,"7,9,10,13,15",D8658a9a7
U01114,Ruma Chowdhury,Comilla,2025-04-30,customer,1063.17,"8,13,14,17,18,19",Dda384653
U01115,Masud Islam,Rajshahi,2025-04-12,vendor,1188.79,"7,9,11,16,17,19,20,21",D95d6ceb4
U01116,Shakib Chowdhury,Comilla,2025-07-18,merchant,556.91,"8,9,14,15,17,19,21",Daf628918
U01117,Masud Khan,Narayanganj,2025-06-28,customer,580.48,"7,9,10,11,13,16,17",Dc0c41194
U01118,Shakib Uddin,Sylhet,2025-08-10,customer,1134.79,"14,15,19,21",Db4c0f30f
U01119,Nasrin Khan,Dhaka,2026-02-27,vendor,50.0,"8,11,15,18,21",D72a30b77
U01120,Jahid Hossain,Dhaka,2025-11-01,customer,654.04,"7,9,11,17,21",Db2acc3b7
U01121,Lima Sultana,Barishal,2025-09-07,customer,468.87,"7,8,10,15,20",D2e903e25
U01122,Jahid Chowdhury,Narayanganj,2026-02-16,customer,331.76,"11,15,18,21",Dc66c2f05
U01123,Nasrin Hossain,Dhaka,2026-03-04,customer,959.44,"7,10,11,12,17,21",D25ae2bde
U01124,Hasan Khan,Barishal,2025-10-30,customer,378.4,"8,10,11,13,15,18,19,20",D9cc710fe
U01125,Hasan Khan,Rangpur,2026-03-17,vendor,1445.42,"9,13,16,17,19",Dba3fc464
U01126,Hasan Begum,Khulna,2026-01-25,customer,1568.4,"8,9,14,20,21",D9e999139
U01127,Nasrin Chowdhury,Narayanganj,2026-04-27,customer,1055.51,"7,9,11,14,17,18,19,20",D8eee5076
U01128,Hasan Chowdhury,Chattogram,2026-04-27,customer,1277.41,"8,9,10,13",De1dada53
U01129,Rahim Ahmed,Dhaka,2025-07-27,customer,1058.45,"7,8,9,13,15,16,18,19",D831fac85
U01130,Rafiq Begum,Narayanganj,2025-07-07,customer,1366.99,"8,9,10,19",Df2a67914
U01131,Tanvir Ahmed,Rajshahi,2026-07-26,customer,1311.42,"8,15,18,19",Dfa2573a1
U01132,Jahid Khan,Dhaka,2026-05-22,customer,912.61,"9,11,12,14,16,19,21",Dc47d0947
U01133,Dolly Hossain,Chattogram,2025-10-27,customer,1742.6,"7,8,15,17,18,19",D1f1ecebb
U01134,Jahid Akter,Sylhet,2025-11-13,customer,574.35,"7,9,10,13,16,19,20",D07ad26ae
U01135,Ayesha Hossain,Barishal,2026-04-08,customer,340.22,"8,9,10,14,17,18,19",D79cdf0f9
U01136,Nabila Uddin,Barishal,2026-06-23,customer,325.98,"7,8,9,12,15,16,20,21",Ddc44229f
U01137,Shirin Sultana,Sylhet,2025-09-28,vendor,504.13,"9,13,17,18,21",D33de3b6c
U01138,Rafiq Ahmed,Dhaka,2026-02-04,customer,120.99,"11,12,14,17",Db9a5ee62
U01139,Imran Rahman,Mymensingh,2025-05-17,customer,805.9,"9,12,17,19,21",D863c2172
U01140,Rafiq Begum,Chattogram,2025-06-10,customer,1203.9,"8,13,16,18",De3597c61
U01141,Ruma Chowdhury,Mymensingh,2026-02-17,customer,1546.6,"9,12,13,18,19",D0772eeb2
U01142,Nabila Uddin,Mymensingh,2025-08-11,customer,156.52,"9,10,12,13,16,17,19",D2b006ef5
U01143,Fatema Khan,Barishal,2025-10-30,customer,334.8,"8,10,13,14,15,17,18,20",D7e6e6921
U01144,Jahid Ahmed,Dhaka,2026-07-31,customer,1403.22,"7,12,14,15,20",D10efecc1
U01145,Jahid Uddin,Rangpur,2025-04-22,customer,558.67,"9,11,12,14,19,20",Df4373644
U01146,Ayesha Begum,Rangpur,2026-03-30,vendor,1178.36,"7,9,10,18,20",D04dd258d
U01147,Ayesha Sultana,Chattogram,2025-07-22,customer,218.04,"7,12,13,18",De49fe50e
U01148,Fatema Islam,Narayanganj,2025-11-30,customer,2263.33,"7,8,9,10,12,18,20,21",D5ad9edbf
U01149,Ruma Chowdhury,Barishal,2025-06-02,merchant,204.81,"9,11,14,15,19,20,21",Da4b10867
U01150,Karim Sultana,Khulna,2025-12-17,customer,50.0,"7,8,9,11",D5e17196a
U01151,Dolly Hossain,Narayanganj,2025-11-17,customer,784.83,"7,13,14,17,20",Dd5baf0ce
U01152,Shakib Chowdhury,Khulna,2025-11-18,customer,803.27,"8,9,10,11,13,18",D71b82721
U01153,Nasrin Uddin,Narayanganj,2025-07-17,customer,427.32,"7,10,13,16,21",Db190a5bc
U01154,Tanvir Chowdhury,Rangpur,2025-05-28,customer,1021.19,"14,18,19,20",D1abfd2c4
U01155,Sabbir Hossain,Chattogram,2026-05-09,customer,1048.3,"12,13,17,19",D54b573e1
U01156,Rahim Khan,Sylhet,2026-06-09,customer,946.88,"12,16,19,21",D955d7a2c
U01157,Karim Khan,Sylhet,2026-05-10,customer,420.71,"7,8,10,11,15,16,19,21",D8427df0a
U01158,Shirin Islam,Barishal,2026-06-19,customer,355.94,"7,8,12,14,16,17,20,21",D2fe3d664
U01159,Jahid Ahmed,Barishal,2025-07-13,customer,460.19,"10,12,13,15,18,21",D9bc11b6e
U01160,Masud Islam,Sylhet,2026-01-05,customer,317.29,"7,8,9,13,14,15,16,19",D399bcd3b
U01161,Mitu Khan,Khulna,2026-05-11,customer,1824.26,"8,14,17,19,21",D3a292dc7
U01162,Shakib Akter,Mymensingh,2025-07-04,merchant,495.17,"15,16,17,18,21",D91e2006f
U01163,Karim Chowdhury,Rajshahi,2025-06-25,customer,764.84,"11,12,13,16,21",D345a64d8
U01164,Jahid Hossain,Comilla,2026-04-17,customer,1397.71,"7,8,9,14,16,17,20,21",D51b1e53c
U01165,Nasrin Hossain,Khulna,2025-05-14,customer,304.78,"8,12,14,21",D45e484e6
U01166,Hasan Hossain,Mymensingh,2026-06-28,merchant,198.09,"8,9,12,16,18,20",D6bc5fc61
U01167,Ruma Islam,Barishal,2025-03-19,customer,318.2,"8,9,14,16,17,19",Dc4cf698a
U01168,Lima Uddin,Narayanganj,2025-05-19,customer,842.44,"9,13,14,16,17,21",D7e826637
U01169,Rafiq Islam,Narayanganj,2025-04-01,merchant,791.74,"8,12,13,14,15,17",Db966cedc
U01170,Dolly Islam,Khulna,2025-03-19,customer,945.22,"10,18,19,21",D169cba4b
U01171,Imran Ahmed,Rajshahi,2025-05-22,customer,606.13,"9,11,13,16",D6e0e3b59
U01172,Ayesha Ahmed,Khulna,2026-01-15,customer,74.07,"8,12,14,15,17,18,21",Dcad6ba49
U01173,Sabbir Chowdhury,Barishal,2025-07-23,customer,589.43,"13,19,20,21",D82af05a1
U01174,Rafiq Rahman,Dhaka,2026-06-29,vendor,1585.82,"8,10,12,14,16,19",D4a12d0ca
U01175,Masud Islam,Narayanganj,2025-10-26,customer,2023.37,"9,10,12,14,17",D92be95b1
U01176,Sabbir Islam,Rangpur,2025-07-01,customer,720.39,"7,10,12,13,14,19,21",Df974446b
U01177,Imran Ahmed,Sylhet,2026-03-16,customer,794.4,"8,9,11,17,19,20",D5fe576c6
U01178,Karim Ahmed,Rangpur,2025-05-11,customer,1157.7,"9,10,11,13,15,17,20",De840beda
U01179,Dolly Begum,Rangpur,2026-02-07,customer,1965.49,"9,10,12,13,14,17",D2eaaeab7
U01180,Tanvir Akter,Dhaka,2026-02-01,customer,665.46,"7,8,9,10,13,15,16,20",D67c953ba
U01181,Shakib Islam,Mymensingh,2026-05-16,customer,1142.63,"8,9,11,12,13,14,21",D01287d93
U01182,Karim Khan,Rajshahi,2025-04-06,customer,405.26,"8,14,16,17,21",D3f3d8ace
U01183,Masud Islam,Barishal,2025-12-29,customer,221.71,"9,10,12,13,15,16,17,19",D1d85c12d
U01184,Hasan Chowdhury,Rangpur,2025-06-11,merchant,442.34,"7,8,11,14,15,20",Da1764aa1
U01185,Nasrin Rahman,Rangpur,2026-02-02,merchant,2458.29,"8,12,13,15,20,21",D7e593016
U01186,Imran Hossain,Rangpur,2026-01-22,customer,1164.43,"9,13,15,16,21",D14a678d1
U01187,Rahim Sultana,Rangpur,2025-09-11,merchant,238.66,"8,16,17,18,19,21",De76071fb
U01188,Masud Islam,Sylhet,2026-06-09,customer,1216.13,"8,14,15,16,18,19,21",Db6da61ee
U01189,Sabbir Rahman,Chattogram,2025-05-22,customer,253.49,"8,10,13,14,15,19,21",D5ff5fb6d
U01190,Mitu Uddin,Sylhet,2026-02-03,customer,933.34,"7,12,13,17,18,20,21",Dc01a9598
U01191,Rahim Chowdhury,Dhaka,2026-03-17,customer,295.35,"10,11,13,17,19,20",D5f13779b
U01192,Shila Akter,Barishal,2026-07-25,customer,228.04,"9,12,15,19",Da4bb66e7
U01193,Masud Chowdhury,Khulna,2026-05-06,customer,2917.28,"7,10,13,15,16,18,20,21",D128e2c52
U01194,Mitu Ahmed,Khulna,2025-04-08,customer,494.84,"9,12,13,15,18,19,20",D75ebe738
U01195,Rafiq Uddin,Khulna,2025-11-16,customer,1144.67,"13,16,17,19",D82c8e1d8
U01196,Masud Begum,Dhaka,2025-04-03,customer,690.09,"7,8,10,13,18,20",Db22b27c3
U01197,Nasrin Khan,Rajshahi,2025-09-19,merchant,269.89,"7,8,9,12,13,14,16,21",Dcdc7641e
U01198,Rafiq Islam,Sylhet,2026-03-02,customer,541.46,"10,13,15,18,20",D27af03c2
U01199,Ayesha Rahman,Narayanganj,2026-06-20,customer,271.81,"7,8,16,17,21",D37c1ec2d
U01200,Fatema Ahmed,Mymensingh,2026-05-31,customer,5833.39,"9,11,20,21",D7ba4f0ad
U01201,Rahim Chowdhury,Chattogram,2025-05-26,customer,1347.69,"8,10,13,14,20,21",Dbd1adea7
U01202,Tanvir Rahman,Khulna,2025-11-25,customer,678.73,"10,13,17,19",D970834cc
U01203,Karim Ahmed,Barishal,2026-05-01,customer,1088.34,"7,9,16,17,18,19",D632af276
U01204,Ayesha Khan,Narayanganj,2026-02-05,customer,1266.29,"7,9,11,15,16,19,21",D49972ddd
U01205,Rahim Akter,Khulna,2026-07-17,vendor,1269.49,"7,8,9,10,12,15,17,20",D00d3ea46
U01206,Rafiq Rahman,Rajshahi,2026-04-11,customer,1218.74,"9,11,18,21",D8bf0861a
U01207,Shirin Rahman,Mymensingh,2025-03-31,customer,1133.01,"12,15,17,18",Deb55cc08
U01208,Masud Sultana,Sylhet,2025-12-21,customer,729.0,"8,9,10,11,13,19,20,21",Dc39883b2
U01209,Shila Hossain,Barishal,2026-05-09,customer,2681.46,"13,14,18,19,20",D5dbc31db
U01210,Masud Akter,Barishal,2025-09-17,merchant,771.46,"10,13,16,20",D84852aa9
U01211,Rafiq Sultana,Rangpur,2025-04-29,customer,696.31,"7,9,14,15",D03702d36
U01212,Tanvir Chowdhury,Khulna,2026-03-04,customer,777.44,"7,8,9,12,13,15,17,20",D4332f273
U01213,Jahid Akter,Chattogram,2026-01-30,customer,828.45,"8,10,12,17,18",D225394eb
U01214,Masud Akter,Rajshahi,2026-07-28,customer,157.46,"7,10,12,14,18,21",Dece72848
U01215,Shakib Khan,Chattogram,2025-10-18,customer,315.56,"10,11,13,16",D5ae0f94f
U01216,Nabila Chowdhury,Barishal,2025-10-18,customer,606.12,"8,16,17,18,19,20",De361f5b1
U01217,Rafiq Chowdhury,Chattogram,2025-06-11,customer,151.58,"7,10,14,18,19,21",D5877c758
U01218,Shirin Islam,Narayanganj,2026-05-30,vendor,677.76,"7,9,10,12,13,16,20",Df27dfef4
U01219,Tanvir Islam,Chattogram,2026-07-30,customer,818.63,"7,9,11,13,15,17,18",D4aff176f
U01220,Shirin Hossain,Barishal,2025-12-04,customer,213.97,"13,18,19,20",D59262cd4
U01221,Karim Chowdhury,Sylhet,2025-07-12,customer,381.94,"8,12,13,14,15,16",D30f53d34
U01222,Rahim Khan,Dhaka,2025-08-10,customer,2107.97,"8,12,14,16,17,18,20",D56e30fca
U01223,Nabila Khan,Khulna,2025-06-05,customer,1098.74,"8,9,12,18",D0bd77785
U01224,Karim Hossain,Dhaka,2026-06-17,customer,1041.48,"7,12,15,18,19",Df5b1b141
U01225,Shila Chowdhury,Sylhet,2026-06-06,customer,1855.92,"8,11,12,21",D32420156
U01226,Jahid Akter,Khulna,2025-08-09,merchant,320.61,"8,9,14,16,21",D26e3ba6c
U01227,Masud Rahman,Mymensingh,2025-07-12,customer,214.47,"8,10,13,14,15,17,20,21",D27180655
U01228,Rafiq Hossain,Chattogram,2025-03-20,customer,1617.44,"8,10,12,14,18,19",D59ee5dd2
U01229,Ruma Islam,Rajshahi,2026-02-02,customer,621.19,"8,10,15,17,18,19,20,21",D06c5c31e
U01230,Ayesha Akter,Rajshahi,2026-07-26,customer,313.68,"10,13,14,20,21",Dbf9a93b2
U01231,Jahid Khan,Barishal,2025-06-11,vendor,4361.56,"8,9,11,12,14,15,19,20",D578acf1e
U01232,Rafiq Chowdhury,Khulna,2026-01-16,customer,156.51,"8,10,13,15,16,18,20",D77e8ecde
U01233,Ayesha Ahmed,Rajshahi,2025-08-15,customer,785.46,"8,9,14,16,17,20",D473700e5
U01234,Lima Hossain,Chattogram,2026-07-24,customer,560.58,"7,9,11,14,15,17,18",D1e65d0b7
U01235,Shakib Akter,Dhaka,2025-04-14,customer,482.17,"8,9,10,12,13,15,16,19",Dc590ec4c
U01236,Sabbir Hossain,Rajshahi,2025-12-19,customer,90.86,"7,8,12,13,17,18",D606dbdc5
U01237,Shakib Chowdhury,Chattogram,2026-01-07,customer,2644.11,"11,14,15,16,21",Dda0e7f36
U01238,Ayesha Islam,Dhaka,2025-08-18,customer,184.65,"8,10,17,20",D5faf0621
U01239,Shila Chowdhury,Rangpur,2025-10-11,merchant,523.23,"8,10,11,15,20,21",D771e7d68
U01240,Ruma Khan,Khulna,2026-01-12,vendor,452.0,"10,11,18,20",D6893a841
U01241,Shirin Islam,Chattogram,2025-06-25,customer,1129.69,"11,12,16,17,18",D4a066324
U01242,Fatema Begum,Khulna,2026-04-29,customer,157.86,"9,10,11,12,14,16,18,21",D812924e0
U01243,Nasrin Hossain,Chattogram,2026-02-12,customer,1008.23,"7,9,12,13,14,17,20",Db0fcbae6
U01244,Rahim Rahman,Rajshahi,2026-05-06,vendor,788.98,"12,14,16,21",D2163dde8
U01245,Shirin Khan,Comilla,2025-12-03,customer,366.58,"7,16,20,21",D0a390f0f
U01246,Shirin Akter,Mymensingh,2025-11-17,customer,975.84,"8,9,18,19,21",De422d950
U01247,Hasan Islam,Barishal,2025-11-23,customer,676.7,"11,12,14,15,17,20",De52e09fb
U01248,Ayesha Hossain,Comilla,2026-02-28,customer,3374.2,"14,15,16,17,19,21",D6b708816
U01249,Jahid Akter,Mymensingh,2025-07-25,customer,560.14,"9,10,13,17",D4e9171f3
U01250,Sabbir Ahmed,Rajshahi,2026-07-17,customer,281.24,"12,13,16,18,20",D2ddc131f
U01251,Shakib Begum,Sylhet,2025-04-17,customer,1017.56,"8,11,14,15,17,18,21",Db2ab8961
U01252,Shirin Khan,Dhaka,2025-04-22,customer,501.82,"11,12,13,16,19,21",D26e0d026
U01253,Ayesha Islam,Mymensingh,2025-10-09,customer,664.72,"8,11,12,13,14,16,18,20",D1aeb6b8c
U01254,Shila Uddin,Khulna,2025-04-14,customer,215.86,"9,11,14,15,17",D415305d1
U01255,Sabbir Hossain,Narayanganj,2026-02-27,merchant,1146.04,"7,8,11,14,17,19,21",D614f4a6a
U01256,Lima Islam,Dhaka,2026-05-30,customer,435.7,"7,11,13,14",D8c3156c6
U01257,Dolly Begum,Chattogram,2026-03-26,customer,844.96,"11,12,15,17,19",D3764f072
U01258,Shirin Khan,Dhaka,2025-08-01,customer,4401.72,"8,9,10,13,16,18",D0c91ec85
U01259,Imran Ahmed,Sylhet,2025-12-02,customer,532.55,"10,13,17,18,19,20",D3c4c23b7
U01260,Masud Begum,Rajshahi,2025-04-17,vendor,1299.55,"9,11,12,13,16,21",D722828ac
U01261,Fatema Hossain,Narayanganj,2026-03-26,customer,565.04,"10,11,13,15,18",D83676808
U01262,Hasan Akter,Comilla,2025-04-14,customer,370.76,"8,9,13,15,19,20,21",D4f6b0c97
U01263,Hasan Islam,Comilla,2025-04-10,customer,2184.57,"12,13,14,17,19,21",D9feeb3f3
U01264,Lima Begum,Narayanganj,2026-07-19,customer,123.98,"8,9,10,11,15,16,19",D68d0384d
U01265,Shakib Rahman,Dhaka,2025-10-27,customer,1647.08,"7,9,11,13,14,18,19,21",D0192a285
U01266,Tanvir Sultana,Chattogram,2026-06-19,customer,112.95,"8,11,17,20",D2cb99f98
U01267,Masud Uddin,Dhaka,2025-06-07,customer,1485.25,"7,8,12,14,16,18",Da6488ef8
U01268,Jahid Khan,Khulna,2025-08-07,customer,673.74,"9,14,15,18,21",Deabcc77d
U01269,Ayesha Ahmed,Dhaka,2026-02-28,customer,281.87,"7,10,14,16,18,19",D91b261ac
U01270,Rahim Uddin,Mymensingh,2026-05-15,vendor,461.12,"8,10,14,15,17,18,20,21",Df8af7274
U01271,Ruma Begum,Rajshahi,2026-01-13,customer,1233.59,"8,11,13,21",De99bb4c4
U01272,Jahid Islam,Khulna,2025-05-28,customer,3939.45,"8,11,13,14,16,17,19,20",Db6d6daad
U01273,Sabbir Rahman,Mymensingh,2026-05-21,customer,162.74,"9,15,18,19,20",D2a67940e
U01274,Imran Chowdhury,Chattogram,2026-03-06,merchant,296.22,"8,11,12,14,16,17",D3551fea9
U01275,Masud Chowdhury,Dhaka,2025-12-07,vendor,200.88,"7,8,9,11,13,14,20",Deec0c0a1
U01276,Karim Akter,Khulna,2025-10-08,customer,561.04,"7,14,16,17,19,20",D3b448a3e
U01277,Lima Uddin,Rangpur,2025-12-05,customer,1524.6,"7,9,10,11,12,15,17",D901e3196
U01278,Masud Akter,Mymensingh,2025-11-12,customer,180.18,"9,12,17,21",Df079e677
U01279,Imran Ahmed,Mymensingh,2025-07-31,customer,657.94,"11,17,19,20,21",De2b21b05
U01280,Jahid Akter,Narayanganj,2026-01-21,customer,1477.64,"9,11,15,16,17,20,21",Dc803955e
U01281,Mitu Ahmed,Chattogram,2025-03-30,customer,455.46,"7,8,9,12,13,16,19,20",D77cd3018
U01282,Imran Chowdhury,Chattogram,2025-11-19,customer,63.83,"8,9,10,12,18,19,20",D28307f3a
U01283,Nasrin Akter,Chattogram,2026-07-01,merchant,795.57,"7,8,11,12,14,18,19,20",De337efe7
U01284,Rafiq Rahman,Mymensingh,2025-08-09,customer,2022.73,"9,10,13,15,16,17,18",D9ba16eb4
U01285,Sabbir Ahmed,Narayanganj,2025-08-19,customer,253.67,"9,10,13,15,18,21",D5842ae0d
U01286,Rahim Akter,Rangpur,2026-07-20,customer,134.19,"7,9,10,19",De90eac74
U01287,Sabbir Sultana,Mymensingh,2025-10-15,customer,886.86,"8,9,10,12,14,15,17,20",Dbb990757
U01288,Nabila Chowdhury,Chattogram,2025-11-18,customer,909.51,"8,9,12,14,15,16",D02892eba
U01289,Ayesha Ahmed,Mymensingh,2025-10-14,customer,429.02,"9,11,15,19",D001b01b2
U01290,Mitu Hossain,Sylhet,2026-04-05,vendor,362.08,"7,12,15,16",D9a80a6a7
U01291,Masud Khan,Comilla,2026-01-14,customer,685.9,"8,9,11,15,20,21",Dad4590b0
U01292,Rafiq Islam,Dhaka,2025-04-11,customer,250.0,"7,8,11,13,14,15,16,21",D6d78a74d
U01293,Tanvir Islam,Rajshahi,2026-02-09,customer,250.32,"7,9,10,11,12,15,20",D38f6ebd2
U01294,Karim Akter,Chattogram,2025-11-22,customer,1225.91,"16,18,19,20",Da8aff9a3
U01295,Rafiq Islam,Chattogram,2025-04-02,merchant,236.53,"8,9,14,15,16,18,21",D0e261cd4
U01296,Mitu Islam,Dhaka,2026-07-14,customer,140.72,"10,11,12,13,14,15,17",Db6995aa0
U01297,Rahim Uddin,Mymensingh,2026-07-19,customer,361.47,"13,15,16,17,18",Dd9dcdd05
U01298,Jahid Ahmed,Mymensingh,2026-07-06,customer,437.92,"9,13,15,17,18,19,20",Dddb762ca
U01299,Mitu Ahmed,Narayanganj,2026-06-02,merchant,1008.13,"7,10,12,13,18,19,20,21",D9d994533
U01300,Karim Islam,Rajshahi,2026-07-27,customer,388.48,"13,15,16,18,19",D2847f527
U01301,Nasrin Hossain,Dhaka,2025-06-11,customer,2392.59,"7,8,9,14",D5c19965e
U01302,Imran Rahman,Chattogram,2026-02-22,customer,718.23,"9,10,11,16,17,21",Dced7cde8
U01303,Ruma Akter,Rajshahi,2025-08-30,customer,321.36,"8,10,11,15",D9ab3595a
U01304,Shakib Hossain,Barishal,2025-12-17,vendor,969.28,"10,11,12,15,17,19",D3daa3296
U01305,Fatema Khan,Khulna,2025-08-09,customer,2348.28,"7,8,11,12,13,14,15,16",Dfd2dedea
U01306,Karim Khan,Mymensingh,2025-05-28,customer,1194.41,"8,9,10,11,12,15,18,21",D5c1890bd
U01307,Shirin Ahmed,Dhaka,2025-09-03,customer,171.95,"7,8,11,13,14,17,20",D533f0cda
U01308,Sabbir Chowdhury,Khulna,2026-03-12,customer,470.8,"7,10,13,14,18,19,20,21",D4e0176db
U01309,Rahim Sultana,Barishal,2025-08-29,customer,833.12,"7,11,12,15,17,20,21",D60d6d14a
U01310,Shila Chowdhury,Rangpur,2025-04-16,merchant,1148.31,"7,10,12,16,19,21",Dbcd2fe2a
U01311,Shirin Uddin,Mymensingh,2025-06-27,customer,564.04,"8,13,15,19",D4c826038
U01312,Mitu Begum,Dhaka,2025-12-27,vendor,498.4,"9,11,13,14,15,16,18,19",D617ff75d
U01313,Masud Chowdhury,Dhaka,2026-03-11,customer,3346.57,"8,10,11,12,15,19",D558713f5
U01314,Rahim Ahmed,Sylhet,2025-09-20,customer,1211.16,"11,12,16,17,19,20",Deaf62760
U01315,Hasan Islam,Mymensingh,2025-10-14,customer,972.07,"7,9,11,14,18,20",Dbd64eb06
U01316,Masud Ahmed,Sylhet,2026-07-14,customer,402.43,"7,10,13,14,15,17",D080c65fc
U01317,Ruma Begum,Rajshahi,2025-04-29,vendor,247.12,"8,9,11,12,14,15,16,21",Ded0a24eb
U01318,Mitu Ahmed,Dhaka,2025-09-13,customer,987.87,"7,9,16,17,20",Db878682c
U01319,Rafiq Hossain,Dhaka,2026-04-29,customer,1340.83,"7,10,12,14,15,16,17,20",D1c106ac0
U01320,Ayesha Ahmed,Comilla,2025-08-19,customer,661.8,"7,10,12,15,16,18",Db86c5817
U01321,Tanvir Sultana,Barishal,2025-12-17,customer,1214.23,"8,10,15,19",D51aec9c8
U01322,Shila Akter,Barishal,2025-06-03,customer,1243.87,"7,8,9,11,12,13,17",D2624c344
U01323,Nasrin Akter,Dhaka,2025-03-20,customer,1428.23,"7,11,12,14,16,17,21",D340519e7
U01324,Sabbir Akter,Comilla,2026-03-06,customer,169.68,"7,8,16,20,21",D8124dbe1
U01325,Imran Ahmed,Chattogram,2025-07-31,customer,482.35,"7,9,10,12,13,16,18,19",D9d32ae24
U01326,Nabila Uddin,Chattogram,2025-03-29,customer,1043.77,"15,16,17,20,21",Df07bd3ce
U01327,Tanvir Hossain,Rajshahi,2025-05-25,customer,695.61,"7,14,15,16,17,18,19,21",D750ef1b9
U01328,Ayesha Khan,Mymensingh,2025-05-30,customer,1247.56,"10,11,12,14,17,18,19,20",Dd667c975
U01329,Ruma Sultana,Rajshahi,2025-07-22,customer,971.53,"8,12,15,18,19,20,21",De5adae69
U01330,Shila Hossain,Sylhet,2025-12-15,customer,95.77,"9,10,13,15,16,19,21",D680d3e82
U01331,Masud Rahman,Rajshahi,2026-02-08,merchant,1785.47,"8,9,13,15,19,21",D39c09844
U01332,Nabila Hossain,Comilla,2025-04-28,customer,432.27,"7,8,9,14,21",Db777ce84
U01333,Fatema Begum,Comilla,2025-08-02,merchant,305.97,"7,8,9,13,18,19,21",Da850252f
U01334,Shirin Ahmed,Barishal,2025-05-15,customer,1726.66,"9,10,12,13,15,19,20,21",D68d826a8
U01335,Lima Rahman,Rangpur,2025-04-29,customer,1158.99,"7,8,16,18,20,21",D0d264357
U01336,Masud Uddin,Chattogram,2025-09-13,merchant,1979.8,"9,11,13,14,16,18,20",D788dde10
U01337,Hasan Chowdhury,Barishal,2026-05-16,customer,841.45,"12,16,17,21",D64e50715
U01338,Mitu Hossain,Mymensingh,2025-12-20,customer,477.06,"8,11,15,16,18",D2d4ba129
U01339,Shakib Chowdhury,Sylhet,2026-02-08,customer,756.76,"15,16,20,21",Df100209c
U01340,Shakib Hossain,Narayanganj,2026-02-17,customer,263.37,"7,9,10,12,13,19,20",Dc8808ebe
U01341,Ruma Rahman,Rajshahi,2025-05-08,customer,196.88,"8,9,11,12,15,18,20,21",D2d3b52b2
U01342,Rafiq Begum,Chattogram,2025-05-05,customer,377.53,"8,10,11,16,21",Dd84bda91
U01343,Rahim Rahman,Dhaka,2026-04-18,customer,2644.81,"7,9,10,15,16,17,19,20",D8304470e
U01344,Shakib Begum,Mymensingh,2026-01-24,customer,410.67,"11,13,14,16,18",Db937041d
U01345,Nabila Rahman,Sylhet,2026-03-03,customer,143.08,"8,14,18,21",D480690b6
U01346,Fatema Khan,Chattogram,2026-06-18,vendor,578.07,"8,11,12,17,18",D4c34255f
U01347,Shakib Ahmed,Barishal,2026-02-15,customer,406.08,"11,12,14,15,17",Dd7922674
U01348,Tanvir Khan,Comilla,2025-05-02,customer,1818.3,"8,13,15,18",D1e646aa1
U01349,Jahid Sultana,Rangpur,2025-08-28,customer,2449.52,"7,10,17,21",Df237564f
U01350,Ruma Begum,Mymensingh,2025-05-12,customer,458.46,"9,10,11,14,17",Db21e2458
U01351,Rahim Chowdhury,Chattogram,2026-03-10,customer,840.71,"8,10,15,17,21",D198442b3
U01352,Masud Khan,Barishal,2025-11-23,customer,906.34,"7,9,10,11,13,16,18,21",D97bb104b
U01353,Shila Akter,Comilla,2025-11-27,customer,636.65,"9,10,11,13,14,16,17,19",Da299bacf
U01354,Tanvir Khan,Rangpur,2025-11-28,customer,540.58,"8,10,11,13,14,21",Dd228978a
U01355,Imran Begum,Mymensingh,2026-06-03,customer,289.51,"8,12,14,17,20",D1657282f
U01356,Shakib Khan,Rangpur,2025-05-28,customer,126.27,"7,10,11,13,16,17,21",D6fc3eb38
U01357,Nabila Chowdhury,Sylhet,2026-07-01,customer,288.14,"11,12,13,14,16,17,19,20",D05edf206
U01358,Tanvir Islam,Sylhet,2025-04-21,customer,617.02,"10,11,14,18",D88b837c9
U01359,Jahid Sultana,Comilla,2025-12-15,customer,180.43,"8,9,10,12,15,16,21",D7ec60100
U01360,Tanvir Akter,Comilla,2026-07-22,customer,801.54,"8,13,18,19",Db641fb58
U01361,Sabbir Begum,Comilla,2026-06-30,customer,707.98,"10,12,15,21",De9591b0a
U01362,Nabila Khan,Comilla,2026-01-11,customer,406.66,"9,11,12,18,19",D303c555c
U01363,Shakib Chowdhury,Mymensingh,2025-07-22,customer,520.88,"7,8,15,20,21",Da8dcbe0a
U01364,Mitu Islam,Sylhet,2026-07-11,customer,206.52,"7,10,11,17,21",D0dcd6f16
U01365,Imran Begum,Sylhet,2025-07-14,vendor,1403.55,"13,17,19,20",D40bf7a47
U01366,Nabila Islam,Dhaka,2025-05-17,customer,1380.58,"8,15,18,21",D315e2c36
U01367,Tanvir Chowdhury,Comilla,2025-07-17,customer,236.65,"8,9,10,11,13,16,18,21",Decdc9a8e
U01368,Ayesha Hossain,Narayanganj,2025-07-17,customer,242.19,"10,11,14,21",D5c589a23
U01369,Ruma Hossain,Comilla,2025-12-03,merchant,291.27,"8,10,11,13,15,20,21",D7a0ff2d8
U01370,Lima Uddin,Chattogram,2025-11-15,customer,1092.61,"7,13,14,18,21",D766e6a3f
U01371,Lima Rahman,Narayanganj,2025-12-13,customer,903.73,"7,10,13,14,16",D73d6f000
U01372,Dolly Begum,Rajshahi,2026-06-07,customer,1707.16,"8,9,12,17,18,19",D3c4e0ff3
U01373,Shakib Sultana,Rajshahi,2025-05-16,customer,1905.75,"8,9,10,13,14,16,21",D9b3dbe76
U01374,Tanvir Sultana,Narayanganj,2026-07-02,customer,167.67,"7,9,11,12,13,18,21",Dc49409c3
U01375,Ruma Uddin,Mymensingh,2026-01-05,vendor,1056.62,"10,11,15,18",D1e563741
U01376,Dolly Ahmed,Chattogram,2026-02-22,customer,1829.72,"12,14,15,18,20",Dc7a44517
U01377,Nasrin Uddin,Chattogram,2025-12-27,customer,492.42,"7,9,13,19",D85186895
U01378,Ruma Begum,Comilla,2026-05-08,customer,651.19,"7,8,13,14,20",D3710d740
U01379,Rahim Hossain,Chattogram,2025-11-25,customer,568.55,"13,15,18,20,21",D723a1833
U01380,Lima Sultana,Khulna,2025-12-22,customer,590.92,"11,12,15,16,17,18",D4abd24cc
U01381,Shila Hossain,Mymensingh,2026-05-21,customer,1398.9,"10,12,15,16,17,21",D39b681a0
U01382,Nasrin Uddin,Mymensingh,2025-12-08,customer,3211.92,"9,12,18,19,21",Df91abbaa
U01383,Shirin Khan,Rajshahi,2026-07-27,customer,2306.09,"7,8,9,13,14,20",Ded430ba8
U01384,Karim Sultana,Mymensingh,2025-08-11,customer,422.98,"8,12,14,15",Dddcd2f01
U01385,Lima Islam,Rajshahi,2025-10-01,merchant,843.14,"8,10,12,15,17",D17e63ae6
U01386,Shila Chowdhury,Sylhet,2026-03-14,customer,328.52,"11,12,13,16,20,21",Df7ab89cd
U01387,Rafiq Begum,Sylhet,2025-10-18,customer,357.28,"8,9,10,16,17,18,19,21",Da4880131
U01388,Imran Akter,Narayanganj,2025-10-17,customer,626.12,"9,15,16,19",D67d14f56
U01389,Rahim Khan,Rajshahi,2025-07-02,customer,349.26,"9,10,11,14,16,18,19,21",D2bb7f017
U01390,Jahid Uddin,Mymensingh,2026-06-16,vendor,394.63,"7,8,9,12,14,17,20,21",D91c88330
U01391,Imran Chowdhury,Mymensingh,2025-12-27,merchant,825.07,"8,10,11,12,13,15,19",D1a774498
U01392,Sabbir Begum,Sylhet,2026-02-01,vendor,1042.85,"8,12,15,16,20,21",Dba172b1e
U01393,Rafiq Ahmed,Comilla,2025-08-02,customer,1017.19,"13,14,15,18,20",D74cb7af3
U01394,Nabila Khan,Narayanganj,2025-04-28,customer,1026.62,"7,9,12,14,17,20,21",Db438a5d9
U01395,Sabbir Rahman,Barishal,2025-10-19,customer,218.35,"7,9,12,13,18",D842f8b31
U01396,Lima Hossain,Comilla,2025-11-05,customer,334.64,"7,8,11,12,16",D6923354a
U01397,Rafiq Rahman,Rangpur,2025-04-17,vendor,688.24,"7,11,16,17",D2437ff82
U01398,Shila Rahman,Mymensingh,2026-07-10,customer,1747.04,"7,11,14,16,17,19",D42e8ca33
U01399,Rahim Sultana,Khulna,2026-05-05,customer,5583.02,"7,8,12,15,17,18,20",Dd405f88a
U01400,Ayesha Islam,Mymensingh,2025-08-05,customer,874.31,"8,9,13,20,21",D9400c053
U01401,Sabbir Sultana,Dhaka,2025-09-09,customer,1273.35,"8,11,12,15",Dfa677c41
U01402,Rahim Chowdhury,Rangpur,2026-02-12,customer,199.39,"9,12,15,16,18,21",D004ac4cc
U01403,Jahid Hossain,Chattogram,2025-05-30,customer,1240.94,"8,10,15,19",D74940f38
U01404,Rahim Hossain,Sylhet,2026-05-05,vendor,3996.86,"7,9,10,11,13,15,16",Dec76f742
U01405,Hasan Ahmed,Chattogram,2025-10-18,customer,333.62,"8,12,14,16,18,21",D65d9e721
U01406,Tanvir Sultana,Dhaka,2025-04-18,customer,405.61,"8,9,18,21",D6c407eb2
U01407,Hasan Ahmed,Rajshahi,2025-07-05,customer,1441.77,"7,10,12,17,19",D04d864e1
U01408,Karim Chowdhury,Sylhet,2026-02-25,customer,680.51,"9,11,18,19,21",D3c3b4708
U01409,Rafiq Khan,Khulna,2026-05-02,customer,118.19,"9,10,12,13,16,17",D28bbe279
U01410,Masud Akter,Barishal,2026-03-03,customer,426.75,"8,11,12,14,18,20",D8f9b6b55
U01411,Dolly Sultana,Rajshahi,2025-07-02,customer,2438.82,"7,9,13,14,17,18,19,20",D057057ef
U01412,Shakib Uddin,Sylhet,2025-08-07,customer,517.46,"10,11,12,17,19,20,21",D08ceb566
U01413,Shakib Begum,Mymensingh,2026-06-16,customer,517.09,"7,8,10,11,14,19,20,21",D33ebf3f2
U01414,Tanvir Ahmed,Barishal,2026-05-22,customer,1354.7,"7,12,13,16,18,20,21",Ddfeceace
U01415,Tanvir Ahmed,Khulna,2025-05-13,customer,903.29,"9,12,13,14",D0e73e07f
U01416,Hasan Sultana,Mymensingh,2025-04-21,customer,493.65,"7,9,11,14,15,20",Dc713b83e
U01417,Shila Akter,Mymensingh,2025-10-02,customer,383.36,"10,11,12,13,14,18,20,21",Ddd4c1a3c
U01418,Rafiq Sultana,Rangpur,2025-08-19,customer,9453.92,"7,8,10,11,13,15,16",D28349c6b
U01419,Shila Uddin,Rajshahi,2025-10-02,customer,2038.99,"9,11,15,21",Dd1527281
U01420,Jahid Akter,Mymensingh,2025-04-01,customer,1026.26,"7,8,9,11,12,17,19,20",D5df8f0c1
U01421,Nasrin Hossain,Sylhet,2026-01-11,merchant,1088.48,"7,9,10,14,17",Da9cc1b2f
U01422,Mitu Begum,Comilla,2026-06-21,customer,594.13,"8,10,13,20,21",D2ca40982
U01423,Dolly Chowdhury,Rajshahi,2025-05-26,customer,893.45,"7,8,9,12,14,20",D8fb0782f
U01424,Jahid Akter,Khulna,2025-04-21,customer,540.87,"8,10,13,14,17,18,20",D483c7053
U01425,Imran Uddin,Chattogram,2026-01-09,customer,309.12,"11,13,16,17,18,21",Da623ec6a
U01426,Mitu Akter,Barishal,2026-02-05,customer,925.87,"7,9,10,16,17,18,19",Ddc5c3ead
U01427,Ruma Khan,Dhaka,2026-02-08,merchant,501.61,"7,8,9,10,13,16,19,20",Df8ef3811
U01428,Nabila Begum,Sylhet,2026-04-15,customer,970.77,"8,9,12,13,17,21",Dffe64297
U01429,Nasrin Chowdhury,Comilla,2026-02-23,customer,1148.45,"7,9,11,13,14,17,20",Dc0aaf5d4
U01430,Ayesha Chowdhury,Dhaka,2025-05-31,customer,1018.69,"8,12,14,19",Ddc29163d
U01431,Rahim Rahman,Rangpur,2026-05-11,customer,288.95,"9,13,14,15,16,17",D52a5cae4
U01432,Ayesha Sultana,Mymensingh,2025-12-28,customer,456.86,"11,13,18,21",D4a66dc2b
U01433,Ayesha Begum,Rangpur,2025-11-17,customer,510.0,"12,14,15,18,19,21",D167e3636
U01434,Sabbir Uddin,Narayanganj,2025-11-02,customer,1600.76,"7,8,9,11,12,17,20",D0ff564be
U01435,Hasan Akter,Dhaka,2025-07-25,customer,1520.22,"7,8,11,13,14,19,20",Db87f053c
U01436,Nasrin Hossain,Barishal,2025-05-03,customer,351.21,"7,11,12,13,16,17,19,20",D819015c3
U01437,Karim Sultana,Chattogram,2025-12-31,customer,214.29,"11,12,14,17",Db6ed071b
U01438,Nasrin Ahmed,Comilla,2026-01-31,customer,5907.89,"10,13,15,18",D83ab352c
U01439,Rafiq Akter,Mymensingh,2026-06-14,customer,982.07,"9,13,14,17,18",Dac0e679e
U01440,Tanvir Akter,Dhaka,2025-08-14,customer,192.51,"7,8,10,14,15,16,18,20",D4ea7abd7
U01441,Shirin Chowdhury,Rangpur,2026-05-18,vendor,400.1,"8,12,13,15,17,18,19,21",Df7f17018
U01442,Nabila Ahmed,Rajshahi,2026-07-21,customer,1667.77,"8,11,17,18,21",D643f8405
U01443,Lima Sultana,Mymensingh,2025-10-13,customer,4357.26,"7,10,11,15,16,19",D1f4e86d5
U01444,Shila Chowdhury,Khulna,2026-04-13,customer,3582.69,"7,9,11,15,18,20,21",D9529ad7c
U01445,Jahid Hossain,Sylhet,2025-08-19,customer,944.5,"7,10,11,13,19,20",D2a91a5bc
U01446,Mitu Ahmed,Narayanganj,2025-12-08,merchant,62.04,"7,8,10,12,17,19,20,21",Dafd12800
U01447,Ruma Uddin,Dhaka,2026-03-07,customer,667.17,"12,13,14,16,17,18,19,20",D495e8ef8
U01448,Sabbir Uddin,Khulna,2026-02-07,customer,267.07,"9,12,14,17,19,21",Db7a5e2f9
U01449,Dolly Akter,Chattogram,2025-08-22,customer,718.47,"7,8,11,13,14,16,17",D32ae9b84
U01450,Shila Sultana,Khulna,2026-04-17,customer,297.14,"7,9,11,12,14,17,20,21",D298f4424
U01451,Ruma Khan,Rangpur,2025-09-16,customer,460.68,"7,11,13,15,16,20",Df22493d6
U01452,Ayesha Sultana,Sylhet,2025-04-17,customer,1440.3,"8,9,10,13,15,16,18,20",Da3e91fcc
U01453,Nabila Akter,Rajshahi,2026-05-02,customer,538.53,"13,15,18,19,21",Dd709a088
U01454,Mitu Chowdhury,Mymensingh,2025-12-30,customer,507.9,"8,11,12,13,17,18,19,20",Df46b1a40
U01455,Rahim Uddin,Barishal,2025-07-10,customer,635.76,"9,11,13,14,18,20,21",D6bf3638a
U01456,Nabila Chowdhury,Rajshahi,2025-07-07,customer,7035.43,"8,9,13,16,17,19,21",D1b19465b
U01457,Shila Uddin,Chattogram,2025-09-10,customer,244.5,"9,10,16,21",Da51d789c
U01458,Fatema Akter,Dhaka,2025-09-29,merchant,856.26,"7,9,10,12,13,14,16,18",Db511793b
U01459,Hasan Akter,Rajshahi,2025-07-17,merchant,3238.15,"9,10,13,15,17,19,20,21",Dc95f8d64
U01460,Rahim Khan,Narayanganj,2026-05-04,customer,634.09,"8,9,10,11,12,18,21",D821623f8
U01461,Shakib Ahmed,Narayanganj,2025-12-08,customer,2000.62,"9,10,14,16,17,18,21",D009a77f1
U01462,Karim Chowdhury,Comilla,2025-05-30,merchant,202.89,"7,8,9,10,14,20",Df4fe8172
U01463,Rahim Rahman,Mymensingh,2025-12-04,merchant,554.08,"8,11,13,15,17,19,21",Dc4d0ab3e
U01464,Karim Akter,Rangpur,2025-06-04,customer,323.75,"11,13,18,19",D72d69e63
U01465,Masud Ahmed,Khulna,2025-07-31,customer,628.18,"8,9,11,13,14,17,20,21",Df2420160
U01466,Ayesha Akter,Chattogram,2026-01-26,customer,639.99,"9,10,11,12,14,17,18",Dfcb7df94
U01467,Tanvir Rahman,Sylhet,2025-12-10,merchant,700.8,"10,11,12,14,18,19,21",D156fe607
U01468,Shirin Islam,Rajshahi,2025-10-15,vendor,1427.37,"7,9,15,16,18,19",Dec51ccb9
U01469,Masud Hossain,Mymensingh,2025-05-08,customer,88.04,"9,11,12,16,18,19",Da46ee178
U01470,Imran Hossain,Rajshahi,2025-08-01,customer,385.28,"9,11,17,18,19,20,21",D0a7e2979
U01471,Rafiq Akter,Comilla,2026-07-18,customer,804.45,"7,9,11,16,21",Da07af4e7
U01472,Shakib Akter,Rangpur,2025-07-16,customer,122.87,"9,12,13,14,15,16,17,18",D7279f0c8
U01473,Rahim Ahmed,Barishal,2025-05-15,customer,1161.82,"9,13,14,15,17,18,20",D6852139b
U01474,Sabbir Akter,Mymensingh,2026-04-08,customer,379.21,"8,9,10,11,16,21",Db8b20d9c
U01475,Karim Chowdhury,Chattogram,2025-12-09,customer,563.36,"7,10,12,15,16,17,18,21",Dc060b05f
U01476,Fatema Islam,Mymensingh,2025-04-01,customer,1491.23,"8,11,15,17,18,21",Db8571657
U01477,Nasrin Islam,Narayanganj,2025-10-15,customer,2095.16,"9,10,11,14,16,18,20,21",D3f7b35df
U01478,Karim Khan,Rajshahi,2026-03-18,customer,1195.56,"8,9,10,11,15,18,20,21",D2edd023f
U01479,Fatema Khan,Mymensingh,2026-03-30,customer,238.91,"7,8,12,14,15,16,19,21",D6790378c
U01480,Shila Rahman,Sylhet,2026-06-03,customer,1140.15,"8,10,14,15,16,19,21",Df57d6bd4
U01481,Hasan Khan,Narayanganj,2025-10-14,customer,1213.79,"8,13,16,18",D4650522e
U01482,Nasrin Akter,Comilla,2025-06-15,customer,1003.8,"7,11,13,14,16,18,19,20",D5820a674
U01483,Dolly Uddin,Sylhet,2025-11-27,customer,2465.72,"10,11,12,15,17,18,19,21",D1a2f3450
U01484,Ruma Rahman,Khulna,2025-09-15,customer,717.26,"7,8,9,12,14,15,19",D78f00780
U01485,Ayesha Rahman,Barishal,2026-05-02,customer,2367.08,"11,13,17,19",D764054e8
U01486,Tanvir Uddin,Mymensingh,2025-09-09,customer,2352.03,"8,9,10,11,15,17,19,20",D4d737433
U01487,Tanvir Begum,Rajshahi,2026-06-10,customer,1246.52,"9,10,16,17,20,21",D1c76253d
U01488,Shakib Rahman,Narayanganj,2025-07-05,merchant,868.63,"9,12,16,17,19,20,21",D3423cb44
U01489,Lima Begum,Sylhet,2025-06-24,customer,1009.15,"10,11,14,17,18,19,21",D4f360274
U01490,Masud Chowdhury,Rangpur,2026-02-12,merchant,3071.62,"11,12,13,14,18,20",Db5b3174f
U01491,Rahim Khan,Rajshahi,2026-07-30,customer,1744.79,"7,9,11,12,13,14,17",Deb3230b6
U01492,Imran Akter,Comilla,2025-08-28,customer,262.63,"7,11,12,13,19,20",D05ef688b
U01493,Rafiq Ahmed,Chattogram,2025-10-19,customer,951.59,"10,14,15,16,19",D6ff599c4
U01494,Ruma Islam,Rangpur,2026-03-30,customer,310.17,"12,14,16,18,20",Dc3357ea9
U01495,Karim Akter,Sylhet,2025-08-14,customer,369.86,"7,8,10,11,13,16,19",D573381aa
U01496,Tanvir Chowdhury,Khulna,2025-10-30,merchant,476.54,"8,9,11,14,19,21",D1eaca71c
U01497,Fatema Rahman,Rajshahi,2025-05-11,customer,187.73,"10,11,15,16,21",D25405163
U01498,Jahid Ahmed,Barishal,2026-02-15,merchant,293.84,"7,11,15,17,18,19,20,21",D6fb0a880
U01499,Tanvir Rahman,Rajshahi,2025-03-29,customer,2610.65,"9,10,14,18,19,21",Dba859a36
U01500,Shila Islam,Khulna,2025-12-09,customer,367.95,"10,11,12,17,18,19",Dde999860
U01501,Shakib Akter,Dhaka,2026-06-01,customer,1435.22,"7,13,14,15,17,19,21",D4428de79
U01502,Masud Akter,Chattogram,2025-10-16,customer,776.39,"7,11,12,14,15,19,20",Dd02a3945
U01503,Dolly Begum,Comilla,2025-07-21,customer,1094.36,"8,15,16,20",D960ce96b
U01504,Sabbir Ahmed,Rangpur,2025-05-25,customer,1138.54,"14,16,17,21",Df1e4a146
U01505,Fatema Begum,Narayanganj,2025-06-09,customer,283.29,"9,12,14,17,18,21",De5cec293
U01506,Masud Hossain,Dhaka,2026-02-09,customer,1427.04,"7,13,15,17,18,19,20",D6ccf8892
U01507,Mitu Sultana,Barishal,2025-09-16,customer,219.36,"7,9,10,11,12,13,21",D5da62d12
U01508,Sabbir Begum,Rajshahi,2025-11-02,customer,355.28,"9,10,12,16,17,18,21",D8fcfbb4a
U01509,Jahid Uddin,Barishal,2026-02-25,customer,1123.07,"7,8,15,16,20",D508bbb85
U01510,Sabbir Khan,Sylhet,2025-03-31,customer,268.35,"10,12,20,21",D33053885
U01511,Ayesha Chowdhury,Dhaka,2026-05-10,customer,113.71,"7,9,10,11,12,14,20",Dd0701a8b
U01512,Sabbir Khan,Rangpur,2025-12-17,customer,911.13,"7,13,14,19,21",Df1f90464
U01513,Shakib Ahmed,Khulna,2025-10-03,customer,162.66,"8,9,15,16",D8dcdd009
U01514,Tanvir Chowdhury,Rajshahi,2025-07-10,merchant,1225.65,"8,12,14,16,18",Dfb423d41
U01515,Rafiq Uddin,Chattogram,2026-04-16,customer,506.82,"12,14,15,19",D36646082
U01516,Lima Hossain,Chattogram,2025-04-05,customer,899.24,"7,8,12,13,18,19,21",D57b59cad
U01517,Ruma Islam,Sylhet,2025-12-22,customer,884.07,"8,10,13,17,18,20",Dcea9b455
U01518,Jahid Uddin,Khulna,2025-07-24,merchant,1314.37,"7,9,10,16,20,21",D34cfb8d5
U01519,Shila Chowdhury,Khulna,2026-05-22,vendor,1154.27,"7,10,11,12,16,19,20",D11e4cc2f
U01520,Nasrin Akter,Chattogram,2025-12-30,customer,266.4,"9,15,17,18,21",Da446109c
U01521,Lima Hossain,Narayanganj,2025-06-25,customer,533.96,"7,10,11,13,14",D115a9c48
U01522,Ruma Islam,Khulna,2026-02-18,customer,898.27,"7,12,19,20",D4f9f8ba9
U01523,Ayesha Islam,Barishal,2025-04-21,customer,2412.04,"7,9,13,15,16,18,20",D4e4430c6
U01524,Hasan Chowdhury,Comilla,2025-04-29,customer,1164.29,"8,13,14,19,21",Dbb384d6f
U01525,Shirin Rahman,Mymensingh,2025-12-19,customer,2199.62,"7,16,17,19,20",D3a6449b4
U01526,Ayesha Rahman,Mymensingh,2025-04-28,customer,942.12,"9,12,15,16,17,20",D53d3b65d
U01527,Ayesha Chowdhury,Sylhet,2025-07-14,customer,1775.58,"8,9,10,15,17,19,20,21",D32d4ab55
U01528,Masud Uddin,Comilla,2025-05-04,customer,832.45,"8,9,10,11,12,14,18,20",D0cab3cb9
U01529,Masud Islam,Rangpur,2025-10-10,vendor,1703.74,"9,12,13,19,20,21",D5d300bed
U01530,Jahid Islam,Rajshahi,2025-09-12,customer,484.8,"7,9,10,19",D6ed12ff8
U01531,Masud Chowdhury,Mymensingh,2026-05-11,customer,2716.43,"7,10,12,14,16,18,21",D3a0ad957
U01532,Tanvir Akter,Khulna,2026-04-14,vendor,1043.02,"8,11,14,15,16,19,20",Dfd73d739
U01533,Tanvir Uddin,Sylhet,2026-03-24,vendor,188.79,"8,14,15,19,20,21",D51071fcc
U01534,Mitu Rahman,Chattogram,2026-06-30,customer,926.01,"7,8,9,13,15,17",D6ab1c6a7
U01535,Shakib Begum,Rangpur,2026-06-01,vendor,100.48,"8,9,11,12,13,14,18,20",D3a9c0b02
U01536,Masud Uddin,Comilla,2025-06-08,customer,1167.89,"7,9,10,12,17,18,20,21",Db129bf1e
U01537,Ayesha Begum,Narayanganj,2026-07-08,customer,1475.44,"9,10,12,15,16,18,20,21",Dca42a116
U01538,Karim Chowdhury,Sylhet,2026-04-08,customer,3861.23,"10,11,13,15,16",D60e7e4c7
U01539,Rafiq Uddin,Sylhet,2026-01-14,customer,421.93,"7,8,9,11,12,13,14,20",Df1b4fcc1
U01540,Mitu Chowdhury,Khulna,2026-04-17,customer,3890.64,"7,8,9,13,14,16,17,21",D7f82f270
U01541,Rafiq Begum,Rangpur,2025-09-05,customer,667.36,"8,10,12,13,16,18,19",D3291eba3
U01542,Ayesha Uddin,Sylhet,2026-05-30,customer,340.96,"7,9,10,11,12,14,17,20",D1a236133
U01543,Mitu Rahman,Sylhet,2025-11-06,customer,429.76,"14,16,17,19",De8861752
U01544,Jahid Ahmed,Barishal,2025-06-07,customer,1103.89,"14,15,16,18",Df646d30b
U01545,Nabila Sultana,Khulna,2025-05-10,customer,301.32,"7,8,11,13,14,17",Df8e2f343
U01546,Mitu Rahman,Rangpur,2025-05-10,customer,491.95,"8,10,11,12,15,17,19",Da829c427
U01547,Rafiq Hossain,Comilla,2025-12-29,customer,905.15,"8,11,17,19",Dcb81897d
U01548,Ruma Khan,Narayanganj,2026-02-14,merchant,2693.9,"7,8,11,12,17,20,21",D48647e7d
U01549,Ruma Uddin,Narayanganj,2025-11-21,customer,1434.51,"8,11,13,16,17",D37197dc1
U01550,Masud Ahmed,Chattogram,2025-05-30,customer,691.71,"7,8,13,15,16,17,19,21",Df6f58b42
U01551,Nabila Chowdhury,Dhaka,2025-03-25,customer,1099.19,"12,16,17,18,20",D3197e268
U01552,Rahim Khan,Narayanganj,2026-02-05,customer,826.49,"7,13,14,15,16,19,20",Da7134235
U01553,Nabila Islam,Mymensingh,2026-05-01,vendor,236.06,"8,11,12,17",D9c557208
U01554,Rafiq Rahman,Dhaka,2025-05-24,customer,3229.0,"10,12,17,18,20,21",D084d9085
U01555,Tanvir Chowdhury,Barishal,2026-02-16,customer,2740.01,"9,10,11,15,16,17,18",Dad072e46
U01556,Shila Uddin,Rajshahi,2025-06-28,customer,622.32,"8,12,14,18,20",D66564891
U01557,Shila Rahman,Khulna,2026-02-20,customer,442.97,"8,12,13,17,18,21",D4ee3c986
U01558,Lima Begum,Khulna,2025-07-10,merchant,240.43,"10,11,12,14,17,18,19",D58f80e12
U01559,Shakib Uddin,Sylhet,2026-02-17,merchant,1164.96,"8,10,11,16",D011f871e
U01560,Shila Chowdhury,Sylhet,2025-07-10,customer,1172.13,"8,9,10,13,15,16,17,21",D0e6e7acc
U01561,Shirin Sultana,Narayanganj,2026-05-19,customer,322.5,"8,9,12,13,15,19",D87522941
U01562,Mitu Uddin,Khulna,2025-03-22,vendor,835.35,"7,10,12,14",Dc5670b41
U01563,Mitu Rahman,Rajshahi,2025-08-25,customer,1391.74,"7,10,14,17,18,19",D991fffa5
U01564,Ruma Rahman,Rangpur,2026-05-19,vendor,417.89,"7,10,11,16",D37a51180
U01565,Rafiq Akter,Sylhet,2025-10-21,customer,557.34,"9,10,13,15,16,17,19,21",D3601be7f
U01566,Jahid Akter,Rajshahi,2025-12-24,customer,552.65,"8,10,12,15,19,21",D0a2abb87
U01567,Shila Khan,Barishal,2025-06-20,customer,339.71,"8,9,12,14,15,16,18,19",D904e1c42
U01568,Ruma Sultana,Rangpur,2025-07-30,customer,567.31,"7,10,11,14,15,16,19,20",De868d5dc
U01569,Karim Akter,Mymensingh,2026-06-29,customer,165.05,"7,14,15,17,20",Df15718b7
U01570,Masud Hossain,Dhaka,2025-05-14,vendor,528.18,"8,11,12,17,21",D70c1d4b6
U01571,Dolly Hossain,Barishal,2025-08-01,customer,535.21,"9,10,11,13,14,18,20,21",D6b75ffe2
U01572,Shila Islam,Barishal,2026-04-04,customer,629.18,"7,9,12,13,15,16,19,20",Df38e26bc
U01573,Shakib Chowdhury,Khulna,2025-10-05,customer,1024.03,"8,16,19,20",D300c0560
U01574,Rahim Rahman,Chattogram,2025-07-22,customer,225.23,"9,10,16,18,19",D2335d515
U01575,Imran Chowdhury,Rangpur,2026-02-13,customer,260.38,"8,13,16,18",Dcb1ecd8d
U01576,Nasrin Chowdhury,Sylhet,2025-08-10,customer,332.62,"8,9,11,12,19,20,21",De66ce541
U01577,Mitu Akter,Chattogram,2025-11-19,customer,207.16,"9,10,11,13",D16f23c1a
U01578,Dolly Islam,Barishal,2026-02-09,customer,1136.29,"7,8,11,15,16,17,19",D2ac4fd72
U01579,Imran Hossain,Dhaka,2026-06-14,customer,402.75,"7,12,15,19,21",Dadc743b7
U01580,Dolly Khan,Barishal,2025-06-18,customer,646.59,"8,9,10,12,14,16,18,21",Db869133b
U01581,Nasrin Uddin,Khulna,2026-06-13,customer,309.95,"9,12,14,16,21",D9b6da631
U01582,Ayesha Akter,Khulna,2025-06-11,customer,481.22,"7,8,11,15,16,20,21",D75b809cb
U01583,Dolly Chowdhury,Mymensingh,2025-10-03,customer,872.18,"8,9,10,12,14,16,19,21",D1a2bc6e3
U01584,Mitu Akter,Khulna,2025-04-05,customer,911.25,"8,12,15,17",D5e64d721
U01585,Masud Ahmed,Comilla,2026-04-01,customer,269.44,"7,10,12,13,14,18,19",D00c34bb8
U01586,Imran Uddin,Rajshahi,2026-06-16,customer,618.6,"15,16,17,19,20,21",D4bf2410e
U01587,Imran Chowdhury,Rangpur,2026-03-10,merchant,314.27,"9,10,11,13,14,19",D2c75d121
U01588,Shirin Rahman,Sylhet,2026-06-20,customer,598.79,"7,8,12,13,14,15,20",D558ef44d
U01589,Fatema Hossain,Narayanganj,2025-07-03,customer,375.4,"7,10,15,20",D35d6ffe1
U01590,Shirin Chowdhury,Rajshahi,2025-07-15,customer,3460.96,"7,9,12,15,16,17,19,21",Df7a9767b
U01591,Karim Khan,Chattogram,2026-02-02,merchant,1384.0,"7,9,12,13,15,17,19,20",D8fb38535
U01592,Sabbir Rahman,Rajshahi,2025-12-10,merchant,948.06,"8,10,12,18,21",D577c4546
U01593,Tanvir Begum,Rangpur,2025-10-13,vendor,117.34,"7,8,10,11,13,18,20,21",D295b0ce4
U01594,Jahid Sultana,Rajshahi,2025-06-04,customer,517.5,"7,9,12,13,20",D87891443
U01595,Sabbir Hossain,Rangpur,2025-09-17,customer,1423.17,"11,13,16,17,19,21",Dd7b8b602
U01596,Rafiq Khan,Mymensingh,2025-08-13,customer,634.5,"13,19,20,21",D6bd54ecb
U01597,Fatema Ahmed,Chattogram,2026-03-25,merchant,3083.11,"7,9,10,13,14,17,18,21",Dd6a1369f
U01598,Shirin Uddin,Sylhet,2026-05-12,customer,1566.04,"8,9,11,12,13,15,20",Dfe9d3ace
U01599,Sabbir Begum,Comilla,2026-03-09,customer,478.25,"8,10,11,13,14,18,19,20",D4cddafd1
U01600,Fatema Ahmed,Rajshahi,2026-07-14,customer,2715.14,"7,8,9,10,13,14,20",De9c66c46
U01601,Sabbir Akter,Dhaka,2025-12-21,customer,519.78,"7,9,10,12,14,16,18,20",Dff58ad50
U01602,Lima Rahman,Rajshahi,2025-10-14,customer,3691.26,"9,11,12,21",Dec679f5e
U01603,Shakib Ahmed,Rajshahi,2025-04-27,customer,2873.72,"9,11,13,21",D1dd602f8
U01604,Hasan Ahmed,Rajshahi,2026-04-29,customer,867.89,"7,12,14,17,18",D44883e21
U01605,Fatema Chowdhury,Comilla,2025-09-27,customer,169.87,"7,8,9,11,12,15,19,20",D8c3dc50e
U01606,Tanvir Akter,Dhaka,2025-11-01,customer,808.43,"9,16,18,20",D0301f2a3
U01607,Rahim Sultana,Dhaka,2026-05-20,customer,247.75,"7,10,13,17",Dda82e4d5
U01608,Fatema Islam,Mymensingh,2025-06-11,merchant,384.87,"7,8,10,15,16,17,19",Dc12e442e
U01609,Ruma Sultana,Sylhet,2025-04-09,customer,409.44,"10,11,13,14,16,17,20,21",Dcde2fe7f
U01610,Shirin Begum,Rangpur,2026-02-06,customer,246.07,"9,10,12,14,15,20,21",D6df89f19
U01611,Jahid Islam,Mymensingh,2026-03-23,customer,811.18,"7,11,12,13,18",D413b8617
U01612,Nabila Chowdhury,Mymensingh,2026-01-03,customer,348.58,"9,10,12,13,17,19,20,21",Db7e181e4
U01613,Jahid Uddin,Rajshahi,2025-07-22,merchant,540.52,"12,13,14,17,18,20,21",D95851129
U01614,Shila Akter,Mymensingh,2026-03-29,customer,412.36,"10,16,17,18,20",D0a362a6c
U01615,Ayesha Uddin,Mymensingh,2025-10-25,customer,1028.12,"9,10,11,12,13,14,17",Da80f69b6
U01616,Shakib Chowdhury,Khulna,2026-03-01,customer,960.78,"7,9,10,12,13,15,19,21",D54e7a34b
U01617,Masud Begum,Rangpur,2025-04-06,customer,504.2,"7,9,10,11,13,16,18",D6720c94e
U01618,Jahid Rahman,Barishal,2025-10-11,customer,1076.35,"9,10,12,13,14",Df5c293ac
U01619,Rahim Islam,Dhaka,2025-09-23,customer,2010.39,"7,8,15,16,17,18,19,21",D2110a78b
U01620,Jahid Khan,Sylhet,2026-02-13,customer,101.66,"10,12,18,21",D38e4358b
U01621,Hasan Rahman,Barishal,2025-05-28,customer,393.01,"12,16,20,21",D121a787e
U01622,Jahid Begum,Rangpur,2025-08-06,customer,286.33,"8,9,11,15,21",Ddd9bd74d
U01623,Mitu Ahmed,Khulna,2026-06-02,merchant,364.67,"9,11,13,14,15,16,17,21",D5ae60914
U01624,Ruma Begum,Dhaka,2025-04-23,customer,88.73,"7,8,9,13,14,17,19",D8a41a616
U01625,Rahim Rahman,Narayanganj,2025-10-05,customer,98.63,"9,14,16,19,20,21",D48a4268a
U01626,Shirin Chowdhury,Khulna,2026-02-06,customer,56.11,"8,9,12,16,18,21",D622dbdc1
U01627,Lima Sultana,Mymensingh,2026-06-06,vendor,424.22,"8,11,12,17,18",D22d637b5
U01628,Shakib Islam,Mymensingh,2026-07-24,merchant,414.21,"9,10,11,12,13,16,20,21",D7507792a
U01629,Rafiq Rahman,Rangpur,2026-02-19,customer,2320.42,"7,10,11,17,18",Ddf18466f
U01630,Hasan Ahmed,Barishal,2026-02-10,customer,755.31,"11,17,18,19",De6fe07bd
U01631,Masud Islam,Sylhet,2025-10-23,merchant,97.76,"7,9,16,20",D4cfe30ce
U01632,Rafiq Chowdhury,Barishal,2026-01-19,customer,1050.94,"7,13,14,19,21",D53d102bc
U01633,Dolly Khan,Mymensingh,2026-01-26,customer,22779.45,"9,11,12,13,17,19,20,21",D56e15554
U01634,Shakib Ahmed,Dhaka,2026-03-10,merchant,101.93,"8,12,14,17,19,21",D4456622a
U01635,Nasrin Akter,Chattogram,2025-06-12,customer,3140.78,"8,10,19,20,21",D69b8afba
U01636,Shila Ahmed,Khulna,2026-05-15,customer,638.45,"7,8,10,12,16,18,19,21",D043e88dc
U01637,Karim Begum,Rajshahi,2025-10-07,customer,454.04,"8,12,16,17,18,20,21",D79ee1efe
U01638,Rahim Chowdhury,Rajshahi,2025-04-18,customer,398.28,"8,9,18,20",D4d1018ee
U01639,Shakib Khan,Mymensingh,2026-04-16,customer,894.76,"8,12,13,18",Dec41e485
U01640,Ruma Hossain,Narayanganj,2025-06-09,customer,457.34,"9,14,16,18,21",D3a8ee65a
U01641,Fatema Begum,Rajshahi,2025-05-16,customer,240.55,"7,9,14,15",D48dde2a8
U01642,Fatema Khan,Khulna,2026-03-20,customer,410.84,"8,10,15,16,21",D6061d01a
U01643,Shirin Sultana,Rangpur,2025-05-24,customer,918.38,"9,10,13,16,17,19",Dae2c2dc2
U01644,Rahim Hossain,Sylhet,2025-11-15,vendor,1232.69,"10,11,12,13,15,21",Db107b90c
U01645,Karim Sultana,Rangpur,2025-07-11,customer,3511.32,"7,8,12,14,21",Dcaabd197
U01646,Shila Ahmed,Narayanganj,2026-06-22,customer,726.52,"7,8,12,16,17,18,19",D874449fe
U01647,Shirin Rahman,Barishal,2026-03-20,customer,2135.13,"12,14,18,19,20,21",Df13b2c52
U01648,Nabila Rahman,Mymensingh,2025-10-26,vendor,558.23,"7,9,10,12,16",Dd0dc1bdd
U01649,Nabila Islam,Khulna,2026-02-16,customer,627.81,"9,13,14,17,19,20,21",D6df31e8f
U01650,Rahim Chowdhury,Khulna,2025-06-24,customer,599.08,"9,12,13,17,20,21",D61d07d40
U01651,Tanvir Khan,Dhaka,2026-05-16,customer,806.93,"7,8,9,10,11,13,14,21",D414dc83a
U01652,Shila Rahman,Rangpur,2025-11-20,vendor,1454.24,"9,10,11,14,15,17,20",D677a9d71
U01653,Fatema Akter,Mymensingh,2025-12-22,merchant,441.43,"7,8,12,14,17",D23a182c8
U01654,Ruma Islam,Sylhet,2025-09-24,customer,298.77,"9,10,13,14,15,20",De615067a
U01655,Nabila Sultana,Chattogram,2025-09-12,vendor,1571.48,"11,12,16,17,20",Dbced4ebc
U01656,Jahid Akter,Narayanganj,2025-09-29,vendor,1463.29,"11,12,15,18,19",De134cf32
U01657,Tanvir Khan,Barishal,2025-03-23,customer,2503.4,"7,8,10,12,13,14,16",D1b50f3a4
U01658,Jahid Akter,Narayanganj,2025-09-11,customer,386.22,"10,11,12,15,16,18,19",Db4a1d7ff
U01659,Ruma Sultana,Mymensingh,2025-03-22,customer,540.99,"10,16,18,20,21",D062e9729
U01660,Jahid Sultana,Barishal,2025-05-03,vendor,1630.94,"8,12,13,15",D72ccfc1c
U01661,Sabbir Hossain,Khulna,2026-06-21,customer,437.1,"8,11,13,14,16,18,20,21",Db23046a4
U01662,Rahim Akter,Barishal,2026-01-27,customer,1183.74,"10,14,17,20",D52c0b263
U01663,Sabbir Sultana,Narayanganj,2025-06-05,customer,560.34,"9,10,11,12,14,15,17,21",Da60d4795
U01664,Shirin Khan,Rangpur,2026-06-01,customer,890.38,"7,10,15,17,18,21",Dfa7d4850
U01665,Shirin Islam,Dhaka,2025-12-28,vendor,236.77,"9,10,11,21",D59f97272
U01666,Nasrin Sultana,Mymensingh,2025-09-02,customer,718.16,"8,9,12,13,14,15,19",D3fe44a38
U01667,Hasan Hossain,Khulna,2025-07-09,customer,50.0,"8,10,11,14,16,20",D6f8e7b93
U01668,Dolly Rahman,Barishal,2025-10-05,customer,1969.22,"7,8,12,20,21",D057ac9c1
U01669,Tanvir Chowdhury,Khulna,2026-05-21,customer,1338.98,"7,13,15,18,19,20",D8e98b437
U01670,Jahid Rahman,Chattogram,2026-02-15,customer,283.15,"7,11,12,15,17,19,20,21",D22b56081
U01671,Nasrin Khan,Chattogram,2025-04-14,merchant,3205.51,"8,9,15,21",Dbdbf84cd
U01672,Ruma Chowdhury,Comilla,2025-07-11,customer,1848.37,"8,12,13,19,20,21",D2a8e57a6
U01673,Hasan Begum,Chattogram,2026-07-01,customer,245.76,"8,9,10,13,15,17,19,21",D78cf892d
U01674,Rahim Islam,Rajshahi,2025-07-07,customer,413.2,"7,10,15,17,18,21",D88437c76
U01675,Jahid Begum,Comilla,2025-11-29,merchant,257.01,"7,10,19,20",D7613ada3
U01676,Shakib Hossain,Mymensingh,2026-02-19,customer,913.47,"7,13,17,19,20,21",D7bedc088
U01677,Mitu Sultana,Mymensingh,2026-07-20,customer,398.09,"7,8,10,15,16,18,19",D6ff4a418
U01678,Imran Khan,Khulna,2026-07-29,customer,118.98,"8,9,12,15,16,18",Dbc7f206c
U01679,Shirin Hossain,Comilla,2025-10-31,customer,625.3,"16,17,18,21",Db4fa4761
U01680,Rafiq Chowdhury,Chattogram,2026-01-22,customer,1510.55,"9,10,11,12,13,16,18,19",D42fefb56
U01681,Imran Khan,Khulna,2025-09-02,customer,731.56,"7,14,15,16,17,21",D0f4ed584
U01682,Sabbir Khan,Narayanganj,2026-06-05,merchant,1084.78,"8,13,18,19",D51b723c5
U01683,Lima Rahman,Dhaka,2025-07-21,customer,796.18,"10,11,16,17,18,20",D3116bc3d
U01684,Rahim Hossain,Dhaka,2025-09-04,customer,1285.94,"10,11,15,16,20",D99300eab
U01685,Tanvir Rahman,Rangpur,2026-04-13,customer,862.51,"10,12,13,14,20",D02cd256c
U01686,Shirin Khan,Chattogram,2025-09-27,customer,595.6,"14,15,16,20,21",D1f0a51b7
U01687,Karim Islam,Sylhet,2025-09-20,customer,723.45,"7,16,20,21",D6cb5d25b
U01688,Masud Begum,Chattogram,2025-04-12,customer,2603.87,"11,13,14,18",D81b6794f
U01689,Rafiq Chowdhury,Dhaka,2026-07-05,customer,1143.57,"8,10,12,13,17,21",D6e2e032a
U01690,Rafiq Rahman,Rajshahi,2026-03-02,customer,282.39,"8,9,11,21",D176270c8
U01691,Ayesha Ahmed,Rajshahi,2026-06-01,customer,713.18,"7,9,14,21",D003b9aa1
U01692,Jahid Khan,Chattogram,2025-12-11,customer,898.53,"7,8,11,14,15,16,18,19",Dd54ed855
U01693,Rahim Sultana,Dhaka,2026-01-10,vendor,578.4,"7,9,13,14,18,19,21",Dd1653864
U01694,Ruma Khan,Sylhet,2025-08-30,customer,119.46,"11,18,19,20",D62974cf4
U01695,Karim Sultana,Rangpur,2026-07-20,customer,306.63,"7,10,14,18,20,21",D8af63cc8
U01696,Fatema Sultana,Barishal,2025-10-19,customer,458.41,"7,10,11,12,18,19,21",D44326f77
U01697,Jahid Akter,Barishal,2025-12-11,customer,3637.02,"9,12,15,16,17,19,21",De44795c2
U01698,Shirin Begum,Mymensingh,2026-01-05,customer,1030.12,"12,13,14,16,19",Dccf9e5a8
U01699,Lima Rahman,Mymensingh,2025-08-21,merchant,165.24,"8,9,11,12,13,16,20,21",D70583459
U01700,Dolly Begum,Narayanganj,2025-07-12,customer,611.39,"7,9,12,15,17,19,20,21",Dd5828c11
U01701,Ayesha Uddin,Comilla,2026-05-22,customer,2193.42,"8,13,18,19,20",Daf164ae7
U01702,Ruma Ahmed,Barishal,2026-07-11,customer,393.37,"7,8,9,10,11,12,15,16",Ddb2b8f97
U01703,Masud Akter,Rangpur,2025-07-23,customer,1693.48,"10,13,15,17,20,21",Dc28b8b54
U01704,Jahid Khan,Dhaka,2025-08-14,merchant,169.46,"10,14,17,20",D10103ab5
U01705,Shirin Khan,Comilla,2025-05-01,customer,51.99,"8,9,10,11,13,14,19,20",Dcabd8b0a
U01706,Rahim Hossain,Chattogram,2025-09-09,merchant,1959.09,"7,10,19,20",D81099059
U01707,Rafiq Rahman,Chattogram,2026-04-17,customer,438.41,"8,17,18,19,20",Dca7adcdc
U01708,Tanvir Chowdhury,Barishal,2025-12-28,vendor,123.62,"7,11,13,16,17,18",Df87c160e
U01709,Masud Islam,Mymensingh,2026-04-17,customer,468.87,"13,14,16,17,19,20",D86335fea
U01710,Rafiq Rahman,Rangpur,2025-03-19,customer,789.49,"7,12,14,20",D16fd6904
U01711,Rahim Chowdhury,Dhaka,2025-07-12,customer,996.55,"8,12,13,14,16,17,18,19",D4364774b
U01712,Mitu Ahmed,Mymensingh,2025-03-27,customer,70.85,"8,11,14,15,16,19,20",D149575b0
U01713,Dolly Rahman,Rajshahi,2026-01-19,customer,367.81,"7,10,11,12,14,16",Df7ee6946
U01714,Hasan Ahmed,Comilla,2025-09-21,customer,701.41,"7,8,9,15,16,17,20",D506de92e
U01715,Masud Ahmed,Comilla,2026-05-01,customer,994.45,"7,11,13,15,16,18,21",Db1448023
U01716,Shirin Sultana,Barishal,2025-11-23,customer,279.65,"7,9,11,14,21",Dc047b506
U01717,Ruma Rahman,Rajshahi,2025-12-26,vendor,552.28,"8,9,10,17",D499766fc
U01718,Shirin Begum,Rajshahi,2026-07-30,customer,392.34,"7,9,13,17,18,19,21",Df8a06619
U01719,Jahid Begum,Narayanganj,2026-02-08,customer,813.87,"8,9,10,14,16,18,20,21",D5a633a5c
U01720,Nabila Islam,Comilla,2025-10-17,customer,1887.8,"12,14,18,21",D7e6eb371
U01721,Rafiq Chowdhury,Comilla,2025-04-29,customer,491.46,"7,8,13,14,15,17",D917ed6de
U01722,Imran Uddin,Rajshahi,2025-08-07,customer,193.54,"8,11,12,14,17,20,21",Deede94bd
U01723,Nasrin Khan,Mymensingh,2025-04-24,customer,351.25,"7,8,9,16,21",Dd1686ba7
U01724,Dolly Islam,Rajshahi,2025-08-29,customer,3169.86,"8,9,11,12,13,14,15,17",De7b7a137
U01725,Rahim Akter,Dhaka,2026-04-20,customer,307.63,"9,11,13,18,19",Dca5f7537
U01726,Masud Uddin,Dhaka,2025-11-13,customer,225.44,"8,11,15,17",Df71a6010
U01727,Ruma Rahman,Mymensingh,2026-02-27,merchant,465.86,"10,12,14,18,20",D2b9cbc3d
U01728,Dolly Ahmed,Khulna,2026-04-14,customer,611.52,"9,13,15,17",Df0920568
U01729,Shakib Ahmed,Narayanganj,2025-08-25,merchant,413.06,"8,9,14,15,20",D5caec416
U01730,Mitu Hossain,Rangpur,2026-05-09,customer,170.2,"12,13,17,19,21",D22b32b53
U01731,Imran Rahman,Narayanganj,2026-07-02,customer,888.41,"7,10,12,13,19,20,21",Db96f2210
U01732,Nabila Begum,Rajshahi,2025-05-30,customer,814.63,"9,14,15,16,18",Dd2ef7685
U01733,Fatema Uddin,Chattogram,2025-09-29,customer,1240.72,"7,8,11,13,14,16,17,19",D23bd9cf6
U01734,Imran Hossain,Mymensingh,2025-08-06,customer,797.99,"7,11,12,17,19",Df1ceb6f7
U01735,Ruma Uddin,Mymensingh,2025-09-03,customer,2889.02,"11,12,15,16,20,21",Df7d0f88f
U01736,Tanvir Ahmed,Mymensingh,2026-01-16,customer,1336.27,"9,14,15,16,17,18,19,21",D65a5bb3c
U01737,Rafiq Hossain,Sylhet,2025-03-20,merchant,1094.15,"8,11,15,16,17,21",D944d5bad
U01738,Sabbir Akter,Comilla,2025-10-01,customer,1959.57,"10,11,12,16,18,19,20,21",D7ee84a27
U01739,Shirin Khan,Barishal,2025-08-20,customer,754.7,"9,10,11,13,16,17,21",Db29b6541
U01740,Shirin Khan,Rajshahi,2025-08-02,merchant,562.7,"8,9,10,12,14,15,16,21",D91cb9a35
U01741,Imran Rahman,Sylhet,2025-09-29,customer,879.19,"9,10,12,14,17,19",D113de5d8
U01742,Ayesha Chowdhury,Comilla,2025-04-11,customer,114.89,"8,9,11,12,14,15,16,17",Dda5db848
U01743,Ruma Rahman,Comilla,2026-01-12,customer,756.9,"8,10,11,19",D25b59e5b
U01744,Nabila Rahman,Narayanganj,2025-10-07,customer,610.93,"7,10,11,13,15,16",Dc1317995
U01745,Lima Islam,Dhaka,2026-06-07,customer,970.34,"8,9,12,13,17,18,21",D5068920f
U01746,Rafiq Begum,Chattogram,2025-05-25,vendor,1698.59,"8,11,15,19",Df166b55e
U01747,Tanvir Sultana,Sylhet,2025-04-15,customer,1124.61,"7,8,10,16,17,19,20",D4218dfa8
U01748,Dolly Akter,Rajshahi,2026-03-09,vendor,352.06,"10,11,16,17,18,20,21",Dbb0552a8
U01749,Nasrin Chowdhury,Rajshahi,2026-05-16,customer,1436.55,"10,12,15,16",D507188eb
U01750,Ayesha Khan,Rangpur,2025-10-28,customer,2935.21,"7,8,9,11,14,16,18,19",D6bacf5ad
U01751,Rafiq Ahmed,Dhaka,2026-04-10,customer,1743.33,"9,10,14,16,19",Df1940593
U01752,Mitu Ahmed,Chattogram,2026-04-01,customer,207.72,"10,13,14,16,20,21",D018a1702
U01753,Dolly Hossain,Rajshahi,2026-01-04,customer,1113.38,"7,9,13,14,16,18,19",Dc1ac6415
U01754,Shakib Sultana,Rangpur,2025-05-07,customer,233.78,"7,12,13,14,15,18,19",Dac859640
U01755,Nasrin Chowdhury,Rajshahi,2025-05-29,customer,515.52,"8,9,10,12,13,16,21",Dc196264d
U01756,Imran Sultana,Mymensingh,2026-04-12,customer,943.96,"10,11,12,13,18,19",D66eb3fc5
U01757,Fatema Rahman,Dhaka,2025-03-28,customer,834.08,"10,16,17,21",D7690d9df
U01758,Fatema Chowdhury,Sylhet,2026-01-14,customer,1709.3,"7,12,13,14,16,17,19,21",D01f25430
U01759,Nasrin Khan,Narayanganj,2026-02-04,customer,2950.9,"9,11,12,14,21",De543f7a5
U01760,Mitu Ahmed,Khulna,2025-09-05,vendor,1034.93,"7,10,12,13,15,16,17,19",Dcef5e8e4
U01761,Jahid Hossain,Khulna,2026-06-15,customer,481.92,"7,8,11,14,15,18,20,21",De82ce6d3
U01762,Shakib Ahmed,Rajshahi,2025-05-19,customer,119.29,"9,10,11,13,19,20,21",D2885390b
U01763,Nasrin Hossain,Comilla,2025-05-12,customer,2178.67,"7,16,17,21",D9609cdad
U01764,Fatema Ahmed,Sylhet,2025-12-04,customer,613.81,"7,8,9,10,16,19,21",De82abb0c
U01765,Lima Begum,Khulna,2025-06-09,customer,643.03,"8,14,15,19,21",D23730cd2
U01766,Rafiq Uddin,Dhaka,2025-11-01,customer,690.35,"7,9,10,12,19",Dbd9cfec3
U01767,Jahid Khan,Narayanganj,2025-11-18,customer,990.99,"7,9,13,14,17,18,20,21",De998aaf1
U01768,Nasrin Ahmed,Rajshahi,2025-05-31,customer,1018.54,"10,11,14,16,18,19",D5a0a0932
U01769,Shakib Rahman,Rangpur,2026-05-11,customer,522.76,"7,8,9,11,13,14,19,20",De129a400
U01770,Rafiq Uddin,Rangpur,2025-10-24,merchant,608.39,"12,13,14,15,17,18,19,20",D66aabde9
U01771,Ayesha Sultana,Rangpur,2026-05-08,customer,386.63,"7,8,9,10,11,12,14,20",D4fd0d552
U01772,Sabbir Chowdhury,Khulna,2026-01-18,customer,351.83,"7,10,11,12,14,19,20",D25e9a5c2
U01773,Jahid Islam,Rajshahi,2025-12-14,vendor,350.39,"9,10,11,13,17,18,19,21",D371e7958
U01774,Hasan Begum,Rangpur,2025-04-26,customer,602.09,"10,11,12,13,14,18,20",D02af0d22
U01775,Shirin Akter,Dhaka,2025-03-28,merchant,296.79,"8,9,10,17",D873570fa
U01776,Lima Uddin,Comilla,2026-02-03,customer,50.0,"8,11,13,16,17,20,21",Dfa1a5f56
U01777,Lima Akter,Rajshahi,2025-11-30,customer,474.69,"8,14,20,21",Da2b4f43f
U01778,Shakib Khan,Comilla,2026-02-24,customer,218.4,"7,8,9,11,15,17,20,21",D74f7c725
U01779,Hasan Akter,Narayanganj,2026-01-23,customer,733.97,"12,13,14,16",D72e97c3f
U01780,Hasan Rahman,Rangpur,2026-02-15,customer,385.35,"7,8,12,15,16,19",D0b617466
U01781,Imran Akter,Mymensingh,2025-07-07,customer,1002.56,"7,8,9,15,16,17,18,19",D3ab87b4d
U01782,Imran Hossain,Rangpur,2025-07-23,customer,235.35,"8,9,10,16,19,21",Dbe0efe92
U01783,Sabbir Chowdhury,Narayanganj,2026-04-11,customer,137.46,"7,9,11,21",Dd3034d19
U01784,Sabbir Islam,Chattogram,2026-04-24,customer,609.74,"9,11,13,15,16,19,20",D7cd06e7e
U01785,Mitu Rahman,Khulna,2026-05-10,customer,457.43,"8,11,14,18",Ddd54899c
U01786,Ruma Hossain,Narayanganj,2025-04-15,merchant,203.28,"8,12,14,16,17,19,21",D4c5a7854
U01787,Masud Uddin,Sylhet,2025-10-20,merchant,1337.32,"9,12,15,17,18,19,20,21",D3e87853c
U01788,Shakib Hossain,Mymensingh,2025-06-15,customer,269.89,"7,10,11,12,13,14,19,20",Dd045b978
U01789,Mitu Khan,Rajshahi,2025-03-21,customer,337.92,"7,8,9,11,15,16,19",D2320e46d
U01790,Lima Chowdhury,Rangpur,2025-12-07,customer,1600.04,"8,15,18,19,21",D573877d9
U01791,Tanvir Islam,Rangpur,2025-12-30,merchant,1057.93,"8,9,10,11,12,14,16,19",D39e2f86b
U01792,Shirin Khan,Mymensingh,2026-01-06,customer,246.34,"7,8,9,12,13,14,17",Dd25014ba
U01793,Shirin Khan,Narayanganj,2025-05-08,customer,493.88,"10,13,16,17,18,20,21",Dfe526c71
U01794,Imran Ahmed,Chattogram,2025-06-16,customer,226.53,"9,12,16,19,21",D8602170f
U01795,Dolly Chowdhury,Mymensingh,2026-06-20,vendor,1486.72,"7,9,18,19",D866effda
U01796,Jahid Islam,Dhaka,2025-04-29,merchant,1485.73,"18,19,20,21",Dda54d468
U01797,Lima Sultana,Chattogram,2025-12-03,customer,3451.82,"7,9,11,12,17",Ddb343976
U01798,Masud Ahmed,Dhaka,2026-07-12,customer,5184.8,"7,8,11,12,21",D4e5385a5
U01799,Imran Rahman,Chattogram,2025-09-21,customer,381.5,"9,10,19,20",Dbcdd0dc3
U01800,Hasan Sultana,Sylhet,2026-03-18,merchant,1263.25,"8,9,11,15,16,18,20,21",D73591efb
U01801,Nasrin Rahman,Mymensingh,2026-05-13,customer,122.14,"7,8,10,11,12,13,14,16",D9ccd338f
U01802,Tanvir Khan,Rajshahi,2026-01-30,merchant,785.77,"10,11,13,17,18,19,20,21",D183188ea
U01803,Masud Ahmed,Khulna,2025-12-08,customer,975.45,"7,8,9,18,19",Dee35b814
U01804,Masud Khan,Mymensingh,2026-06-07,customer,282.28,"8,9,11,12,16,18,21",D413b7de9
U01805,Sabbir Rahman,Dhaka,2025-12-22,customer,361.66,"8,11,15,16,17,19,20",D156c63b8
U01806,Karim Hossain,Rangpur,2026-01-27,customer,1495.71,"7,8,10,12,13",D1544ec6f
U01807,Tanvir Chowdhury,Barishal,2026-04-28,customer,998.35,"9,12,13,14,17,18,21",D5e0b66d3
U01808,Ruma Akter,Khulna,2025-03-29,customer,2982.45,"7,8,9,11,13,18,19,20",D085b0905
U01809,Sabbir Begum,Rangpur,2026-07-11,customer,2619.96,"10,11,14,15,16",D79e87919
U01810,Shila Akter,Barishal,2026-07-13,customer,149.76,"12,17,18,20",D027327c5
U01811,Sabbir Begum,Barishal,2026-07-31,customer,414.88,"10,14,15,19",D0a0b6a59
U01812,Karim Rahman,Narayanganj,2025-08-18,customer,258.49,"10,11,13,15,16,17,19,20",Dbdb34da0
U01813,Rahim Chowdhury,Narayanganj,2025-10-25,customer,1315.2,"7,11,12,14,15,19",Dab7cbd05
U01814,Shila Sultana,Rajshahi,2025-09-14,merchant,858.66,"13,14,20,21",D7e7c323e
U01815,Karim Khan,Narayanganj,2025-04-16,customer,273.39,"10,11,14,16,17,20",D27b95b01
U01816,Mitu Chowdhury,Dhaka,2026-03-24,customer,310.39,"7,10,11,14,15,18,20",D7d3e02ad
U01817,Dolly Uddin,Rangpur,2025-12-24,vendor,2048.08,"8,11,19,20",Da7cb0c61
U01818,Masud Khan,Comilla,2026-07-24,customer,456.63,"7,11,14,16,17,18,19,20",Dd1bca7df
U01819,Dolly Khan,Dhaka,2025-08-28,customer,107.42,"8,9,10,11,12,13,15,19",D2fbf48aa
U01820,Jahid Hossain,Khulna,2025-08-16,customer,253.72,"7,8,10,12,14,17,21",Db46e153f
U01821,Nasrin Akter,Chattogram,2025-08-30,customer,3715.53,"9,10,11,13,17,19",D07715da5
U01822,Fatema Begum,Chattogram,2025-07-06,vendor,1646.98,"8,11,15,17,18,20",D67ce9152
U01823,Nasrin Ahmed,Mymensingh,2025-05-22,customer,214.99,"8,10,11,19",De37d92d2
U01824,Hasan Uddin,Chattogram,2026-02-10,customer,785.44,"15,19,20,21",D3c1ef7dc
U01825,Sabbir Uddin,Sylhet,2025-11-28,customer,1547.08,"8,9,11,12,13,18,19,20",D49033432
U01826,Fatema Begum,Khulna,2025-07-26,merchant,148.16,"8,16,19,21",Dbc9d38e7
U01827,Ruma Akter,Dhaka,2026-02-07,customer,1724.78,"10,15,18,20,21",D959034b8
U01828,Nasrin Khan,Narayanganj,2026-02-08,customer,989.48,"8,10,13,15,19,20,21",D95c98df9
U01829,Dolly Rahman,Rangpur,2025-09-09,customer,343.83,"8,10,14,16,18,19,21",D9f3a63b5
U01830,Masud Akter,Dhaka,2026-02-18,customer,1144.73,"7,10,14,19,20,21",D48d8e20a
U01831,Hasan Ahmed,Khulna,2025-08-26,customer,869.87,"7,12,13,17,18,20",D0e20a4a3
U01832,Masud Begum,Mymensingh,2025-05-27,customer,925.98,"8,15,16,20",D85f9d806
U01833,Mitu Hossain,Comilla,2025-11-21,customer,759.97,"7,8,12,15,16,18,19,20",Dc32ed94a
U01834,Imran Begum,Sylhet,2025-06-07,customer,300.98,"7,8,9,11,17,20,21",D17f984ae
U01835,Nabila Islam,Dhaka,2026-02-08,customer,350.37,"8,11,12,14,15,16,21",Db7c945c5
U01836,Shila Ahmed,Barishal,2026-03-09,customer,536.84,"8,9,15,16,18,21",D109b547f
U01837,Ayesha Begum,Narayanganj,2026-06-04,customer,693.26,"11,12,19,20",D6d994dbd
U01838,Dolly Sultana,Comilla,2026-04-15,customer,1210.6,"7,8,10,11,15,17,19,20",Db7257cb1
U01839,Tanvir Hossain,Dhaka,2026-03-02,customer,3816.53,"7,8,11,13,17,18,19,20",D841bd211
U01840,Ruma Islam,Mymensingh,2026-05-23,customer,819.18,"7,8,16,21",Dadfbd98f
U01841,Dolly Khan,Chattogram,2025-06-13,customer,1190.16,"8,9,11,13,15,16",Dace4277b
U01842,Rahim Rahman,Rajshahi,2026-02-11,customer,1470.37,"8,9,16,17,18",D601ff4dc
U01843,Nabila Islam,Comilla,2025-07-24,customer,1272.86,"9,10,15,17,18",Daa4d625e
U01844,Mitu Islam,Rangpur,2025-05-10,customer,291.59,"10,14,15,16,18,19",D2ed4bbeb
U01845,Masud Chowdhury,Narayanganj,2026-04-15,customer,2252.73,"9,10,11,12,13,15,17,20",Dc4f3784f
U01846,Shila Rahman,Dhaka,2026-03-07,vendor,1906.79,"8,10,11,13,16,18",D8a8bbe98
U01847,Rafiq Begum,Narayanganj,2025-03-19,customer,750.6,"10,13,16,18",Da7e737cd
U01848,Fatema Chowdhury,Khulna,2026-04-29,customer,306.27,"7,8,9,10,16,17,19,20",Db2dac7ae
U01849,Sabbir Ahmed,Dhaka,2025-03-25,customer,683.36,"7,8,11,16,17",D7c425de6
U01850,Jahid Ahmed,Barishal,2026-01-02,customer,163.15,"9,10,12,14",Dc6f76648
U01851,Jahid Khan,Rangpur,2026-02-16,customer,2573.64,"10,11,13,14,15,17,20",D826c7df4
U01852,Ruma Hossain,Rangpur,2026-02-02,customer,378.05,"10,14,17,20,21",D5948151d
U01853,Hasan Uddin,Sylhet,2026-07-07,vendor,513.25,"7,9,13,14,17,21",Dcfd8112b
U01854,Rahim Rahman,Comilla,2026-04-19,merchant,2384.34,"8,9,11,13,18,19,20",Deb9624fd
U01855,Ruma Chowdhury,Sylhet,2026-06-29,vendor,70.88,"10,11,12,14,17,18,19,21",D2e4d792c
U01856,Mitu Uddin,Comilla,2026-05-11,customer,2099.11,"7,9,10,13,14,20,21",Dfb7f7fc5
U01857,Rafiq Ahmed,Sylhet,2025-09-07,customer,901.65,"8,11,12,15,18",D677896a7
U01858,Shirin Hossain,Rajshahi,2025-05-17,customer,3007.17,"7,8,10,11,13,16,18,19",Dc348fe6b
U01859,Jahid Islam,Barishal,2025-07-10,customer,284.02,"7,9,14,15,16,18,20,21",Dacbfa14f
U01860,Shirin Chowdhury,Sylhet,2025-07-04,customer,902.07,"7,8,9,10,12,13,14,16",D40c34f9c
U01861,Masud Sultana,Barishal,2025-08-10,customer,285.96,"10,13,16,17,19,21",D25e831b9
U01862,Lima Rahman,Rajshahi,2026-06-13,customer,1791.38,"7,10,12,14,16,17,19",D278a60eb
U01863,Ayesha Sultana,Khulna,2025-11-02,merchant,1728.89,"7,8,10,13,14,15",D4f680bbe
U01864,Ayesha Uddin,Mymensingh,2026-04-05,customer,3245.64,"7,8,10,13,14,15,20",Dd2099ad5
U01865,Ayesha Islam,Sylhet,2025-07-30,customer,664.95,"10,12,18,19,21",D5e5a143b
U01866,Tanvir Khan,Narayanganj,2026-07-27,merchant,4347.87,"8,10,11,13,14,16,17,20",D15a07ad3
U01867,Dolly Khan,Dhaka,2026-06-02,customer,266.86,"11,16,19,21",Dd2336dee
U01868,Sabbir Chowdhury,Barishal,2025-12-01,customer,633.64,"7,9,14,15,17,18",D2684a408
U01869,Rafiq Islam,Rangpur,2026-06-11,customer,274.77,"10,15,16,20",Dbf51a5e0
U01870,Rahim Ahmed,Narayanganj,2025-08-10,customer,793.55,"9,12,14,15,19,21",D1737d76f
U01871,Sabbir Khan,Rajshahi,2026-07-22,customer,294.81,"7,9,10,19,20,21",Da4e51033
U01872,Jahid Islam,Chattogram,2026-05-26,customer,1796.31,"7,10,14,16,17,21",D49fcf1c9
U01873,Nabila Begum,Chattogram,2025-07-26,customer,1020.09,"11,12,17,19,20",D9c46d8d2
U01874,Karim Uddin,Khulna,2025-06-01,customer,248.9,"7,9,12,13,14",Dad36f7f2
U01875,Nabila Ahmed,Rangpur,2025-08-16,customer,1409.9,"8,9,10,18,19,20,21",Dcf4b8270
U01876,Shakib Sultana,Narayanganj,2026-04-06,customer,2781.8,"11,15,18,19,20",D2fba06be
U01877,Hasan Chowdhury,Khulna,2026-02-14,customer,1115.06,"9,10,15,16,17,19,20",D7ae21665
U01878,Imran Hossain,Rangpur,2025-09-23,customer,194.56,"7,10,11,12,16,17,21",D6d237a62
U01879,Dolly Rahman,Rangpur,2025-07-02,customer,581.68,"7,8,9,10,14,16,18,20",D05a372ec
U01880,Jahid Khan,Dhaka,2025-04-23,customer,1255.73,"7,9,10,15,17,18,19,21",Dffb8a91c
U01881,Rafiq Hossain,Barishal,2025-11-14,customer,534.64,"8,10,12,15,16,18,20,21",D13c96bee
U01882,Sabbir Begum,Rajshahi,2025-10-24,customer,264.08,"7,9,13,14,20",D1f4016d5
U01883,Fatema Chowdhury,Comilla,2025-08-09,customer,2012.23,"9,14,15,16",D39f9e95a
U01884,Karim Islam,Dhaka,2026-06-21,customer,514.94,"7,9,11,12,14,17",Dc24bfd14
U01885,Fatema Akter,Khulna,2025-07-01,vendor,2783.67,"7,18,19,20",De60311a9
U01886,Karim Sultana,Dhaka,2025-07-10,customer,416.77,"8,10,12,14,17,18,20,21",D70afd4fe
U01887,Shakib Hossain,Sylhet,2025-07-29,vendor,489.4,"8,12,13,17,21",D842d82bd
U01888,Masud Uddin,Mymensingh,2026-03-21,customer,389.78,"8,9,15,16,17",Dfdfccc41
U01889,Shila Islam,Barishal,2026-03-07,customer,573.03,"8,9,11,15,18,19,21",D2975bf1b
U01890,Rahim Hossain,Rajshahi,2026-01-19,vendor,1004.61,"7,13,14,15,16,17,21",D42415415
U01891,Shakib Begum,Rangpur,2026-01-20,customer,275.41,"8,11,12,15,17,20",D831e9fc3
U01892,Lima Islam,Barishal,2026-01-20,customer,235.57,"8,9,10,11,12,13,15,20",Daf80a077
U01893,Dolly Islam,Mymensingh,2026-02-24,merchant,145.68,"7,13,16,18,19",Dc1fcfac6
U01894,Shila Akter,Dhaka,2026-07-05,customer,132.36,"10,13,14,15,16,18,21",Ddd089d9e
U01895,Karim Ahmed,Rangpur,2025-07-02,customer,196.39,"7,8,9,11,15,17,18,19",Dfddf2f55
U01896,Dolly Rahman,Mymensingh,2026-03-25,customer,414.35,"7,8,9,11,15,16,18,20",Db0adfc1c
U01897,Shakib Ahmed,Rangpur,2025-05-08,vendor,780.53,"10,13,15,18,20",D5885c158
U01898,Shila Hossain,Khulna,2026-03-17,customer,953.78,"8,9,13,17,21",D1a86ed83
U01899,Rahim Khan,Rangpur,2025-11-07,customer,748.42,"9,11,13,17,18,19,20,21",D47908e16
U01900,Sabbir Ahmed,Sylhet,2025-07-10,customer,2454.88,"12,13,15,18,20",Da2458716
U01901,Nasrin Akter,Barishal,2025-03-28,customer,3382.86,"7,8,11,13,14,18",Dcb4ad035
U01902,Lima Akter,Comilla,2025-07-10,customer,517.07,"7,9,10,13,20,21",D81d313d1
U01903,Fatema Rahman,Rangpur,2025-08-17,customer,279.2,"7,10,11,17,18",Da3a3273c
U01904,Rahim Khan,Chattogram,2026-02-25,merchant,4668.3,"11,15,16,17,18,19,20",Da738d8ea
U01905,Rafiq Akter,Khulna,2026-01-25,customer,1942.04,"9,15,18,19,21",D2ad59f0d
U01906,Shirin Khan,Rajshahi,2025-12-06,customer,1799.58,"7,11,12,16,17,18,19,20",Ddee24762
U01907,Rafiq Sultana,Barishal,2025-04-19,customer,400.39,"10,12,15,19,21",D758d736c
U01908,Ayesha Ahmed,Chattogram,2025-05-06,customer,1444.43,"9,10,13,18",D67299327
U01909,Mitu Sultana,Chattogram,2025-08-02,customer,753.82,"7,8,10,14,15,18,20,21",Da0227333
U01910,Tanvir Khan,Dhaka,2025-09-12,customer,622.3,"9,10,13,14,17",D581e12e9
U01911,Ruma Akter,Rangpur,2025-05-07,customer,621.35,"7,8,15,16,18,19,20",D3be123d8
U01912,Nasrin Khan,Dhaka,2026-06-14,merchant,1048.41,"7,13,15,16,18,20,21",Da9354e8e
U01913,Ayesha Uddin,Khulna,2025-06-12,customer,2540.72,"8,12,13,16",Dea640e99
U01914,Rafiq Hossain,Narayanganj,2025-05-30,merchant,5137.41,"7,10,12,13,14,15,18,21",D5837bb9b
U01915,Shila Akter,Khulna,2026-06-01,customer,462.22,"7,10,12,13,16,17,21",D08441280
U01916,Ayesha Uddin,Narayanganj,2025-05-05,customer,793.09,"8,11,16,21",Df159575b
U01917,Imran Uddin,Mymensingh,2026-03-08,merchant,608.53,"10,11,15,19",D3e954729
U01918,Sabbir Begum,Khulna,2026-02-07,customer,984.74,"9,13,16,19",Dc40fdd3f
U01919,Mitu Rahman,Sylhet,2025-04-06,vendor,68.1,"8,9,15,16,21",D34dcb5b0
U01920,Jahid Uddin,Comilla,2026-02-11,customer,544.45,"7,8,11,13,18,20",D78b20f4e
U01921,Tanvir Khan,Mymensingh,2026-01-05,vendor,4197.21,"7,12,17,20",D41949316
U01922,Ayesha Begum,Rangpur,2025-04-09,customer,362.33,"7,8,13,15,18,19,21",D1ddf2424
U01923,Sabbir Akter,Rangpur,2025-06-28,customer,462.77,"7,10,15,21",D4b71a2b7
U01924,Tanvir Khan,Chattogram,2026-01-10,customer,405.41,"7,8,9,13,14,19,20,21",D64d8b4a5
U01925,Karim Chowdhury,Comilla,2025-04-01,merchant,582.7,"10,11,12,18,19",Db1fc8a2a
U01926,Ruma Chowdhury,Comilla,2025-10-24,customer,207.81,"8,13,14,16,17",D691fa99a
U01927,Karim Ahmed,Rajshahi,2025-09-06,customer,412.01,"10,11,15,16,18",D35d6d65e
U01928,Ruma Uddin,Comilla,2026-02-27,customer,975.8,"7,10,11,12,14,15,17,19",D97a670d7
U01929,Karim Ahmed,Barishal,2026-05-24,customer,969.12,"7,8,10,12,16,17,20",De708eb7e
U01930,Lima Sultana,Narayanganj,2025-12-13,merchant,834.9,"7,15,16,20",D81914b36
U01931,Nasrin Islam,Mymensingh,2025-08-04,customer,2312.49,"11,16,19,20",Dd195c9de
U01932,Shirin Uddin,Narayanganj,2026-03-24,customer,1012.21,"9,13,15,16,17,18,19,21",D15bcd5e9
U01933,Jahid Uddin,Barishal,2025-07-09,vendor,2234.12,"8,11,14,15,17,18,19,21",D8a96a2ec
U01934,Shirin Islam,Comilla,2025-10-09,customer,5141.97,"8,9,10,12,16,17,20",D2b288744
U01935,Ayesha Begum,Rajshahi,2025-05-04,customer,1480.5,"9,10,16,18,19,21",D1d52f3f2
U01936,Karim Chowdhury,Narayanganj,2026-03-04,customer,208.62,"13,15,16,19,20",D78f9f1c9
U01937,Ayesha Rahman,Rangpur,2025-08-08,customer,865.62,"9,13,14,15",D63959267
U01938,Sabbir Hossain,Comilla,2025-03-22,customer,755.13,"9,14,17,18",Dc18c0718
U01939,Shila Akter,Rajshahi,2025-04-06,customer,2778.77,"10,12,15,16,17",D9678af6d
U01940,Ayesha Begum,Narayanganj,2025-04-28,customer,601.63,"7,9,11,12,13,15,17,18",Dfc5022b4
U01941,Dolly Begum,Rangpur,2025-09-23,customer,322.32,"7,9,12,13,15,16,21",Da90159c2
U01942,Lima Chowdhury,Chattogram,2025-08-28,customer,432.73,"8,13,15,16,18,19",D8da7714a
U01943,Jahid Khan,Comilla,2025-04-16,customer,214.94,"7,8,13,14,15",Dd6cce3b1
U01944,Mitu Sultana,Sylhet,2026-02-22,customer,50.0,"8,9,10,11,12,13,18,19",Ddf5bfb71
U01945,Rahim Uddin,Rangpur,2025-05-23,merchant,4220.36,"7,9,10,11,14,17,18,19",Deef82713
U01946,Sabbir Ahmed,Chattogram,2025-09-28,customer,676.5,"7,8,13,15,19,20,21",D5bb7e0cb
U01947,Fatema Chowdhury,Comilla,2025-08-24,customer,231.72,"7,12,16,18,20",D65a8ea82
U01948,Karim Rahman,Rangpur,2026-07-04,merchant,3059.94,"8,11,12,16,17,19,20,21",D73fe21d4
U01949,Hasan Chowdhury,Khulna,2025-07-01,customer,3668.58,"10,15,16,17,20",D9dc91d9d
U01950,Hasan Rahman,Narayanganj,2026-07-07,customer,778.8,"7,10,11,14,17,19",D025d0576
U01951,Jahid Sultana,Khulna,2026-03-10,customer,199.73,"7,9,13,14,16,18,21",D2e44bc32
U01952,Ruma Rahman,Rangpur,2026-02-06,customer,441.82,"8,15,18,19",D01a5cea3
U01953,Fatema Hossain,Dhaka,2025-04-16,customer,546.32,"9,16,18,20",D3c877eb3
U01954,Mitu Ahmed,Khulna,2026-01-10,customer,697.17,"8,10,11,14,15,16,17,21",D14403cd6
U01955,Ayesha Rahman,Comilla,2025-03-31,customer,256.07,"9,10,12,13,18,21",Dfdb76abe
U01956,Ayesha Ahmed,Narayanganj,2025-04-14,customer,1603.64,"7,9,10,14",Dda5bd7c9
U01957,Mitu Uddin,Barishal,2026-05-10,customer,99.97,"8,10,13,21",D8ffcd429
U01958,Sabbir Rahman,Chattogram,2026-05-26,customer,1878.5,"8,10,12,13,14,15,16",Dcdd82b8b
U01959,Jahid Chowdhury,Sylhet,2025-05-02,customer,2316.27,"7,9,11,12,16,17,20,21",D9abd33c9
U01960,Shirin Islam,Rajshahi,2025-11-13,customer,480.5,"8,11,13,20",D00708223
U01961,Dolly Ahmed,Khulna,2025-12-13,customer,627.81,"8,11,13,14,17",D6d2f5aa2
U01962,Fatema Islam,Khulna,2025-04-25,customer,2636.42,"9,14,15,16,17,18,19",D4cfcb45b
U01963,Nasrin Ahmed,Rajshahi,2025-09-08,customer,1210.07,"14,15,16,21",Dc174ac4f
U01964,Mitu Chowdhury,Rajshahi,2026-03-21,customer,495.56,"9,12,13,14,15,16,17,21",D3f1244e4
U01965,Tanvir Khan,Narayanganj,2025-05-11,customer,548.88,"7,8,9,10,12,13,15,19",D5d47e751
U01966,Imran Ahmed,Mymensingh,2025-07-13,customer,1054.0,"7,13,14,15,16,18,21",D04a8bd4c
U01967,Imran Uddin,Khulna,2025-11-30,vendor,3795.76,"10,13,14,20",D3d8ae72a
U01968,Dolly Begum,Chattogram,2025-05-18,customer,564.06,"7,12,13,19",Dde8cc191
U01969,Nasrin Ahmed,Rangpur,2025-08-29,customer,482.51,"9,10,12,17,18",D9f15590d
U01970,Rafiq Chowdhury,Narayanganj,2025-08-19,customer,692.77,"7,8,12,14,15,19",D72a8fcf6
U01971,Fatema Sultana,Khulna,2026-05-17,customer,696.51,"9,15,17,19",Dc84a70a9
U01972,Mitu Chowdhury,Narayanganj,2026-02-15,customer,889.52,"7,11,13,14,15,16,18,19",D4ca119a5
U01973,Karim Sultana,Rajshahi,2025-09-24,customer,629.61,"7,9,11,12,15,17,18,19",D6162c1f4
U01974,Shirin Sultana,Barishal,2025-08-27,customer,1995.68,"9,11,13,15,16,17,18,20",Dc695331a
U01975,Hasan Uddin,Comilla,2025-05-25,customer,302.14,"8,11,12,15,17,18,19,21",D496aac50
U01976,Lima Begum,Rajshahi,2025-12-10,merchant,983.67,"8,14,17,18",D80397272
U01977,Shila Rahman,Sylhet,2025-04-30,customer,1020.34,"7,9,10,13,14,15,20,21",D01fb3f63
U01978,Hasan Rahman,Narayanganj,2026-01-19,customer,325.06,"8,16,17,18",D5237ced1
U01979,Ruma Begum,Khulna,2025-11-02,customer,974.53,"9,13,15,16,18,20,21",D4de855b6
U01980,Imran Begum,Rajshahi,2026-02-19,vendor,1045.73,"7,10,12,14,15,16,17,18",D8c63f560
U01981,Lima Chowdhury,Rangpur,2026-01-25,customer,70.53,"7,11,17,18",D301b1ddd
U01982,Rafiq Uddin,Khulna,2025-07-25,customer,278.91,"7,8,9,12,14,16,17,20",D607997d1
U01983,Imran Rahman,Narayanganj,2025-06-29,customer,2882.03,"9,11,12,15,19,20",D9c4e767c
U01984,Mitu Begum,Comilla,2026-01-12,customer,394.02,"9,11,12,16,21",D75b3c049
U01985,Tanvir Chowdhury,Khulna,2025-07-19,customer,231.25,"8,10,11,13,15,17,19,20",D57337bb9
U01986,Dolly Akter,Mymensingh,2026-03-21,customer,127.93,"9,12,17,21",Dcc7432ba
U01987,Mitu Khan,Barishal,2026-05-02,customer,258.22,"9,13,16,19,20,21",Da125d0db
U01988,Lima Akter,Dhaka,2025-11-03,customer,606.02,"8,10,12,13,15,17,18,19",D7df196b4
U01989,Ruma Hossain,Sylhet,2025-04-01,customer,218.08,"7,11,12,13,15,17,21",De2e49a79
U01990,Ayesha Uddin,Narayanganj,2026-04-09,customer,1225.44,"10,11,16,17",Df99eb937
U01991,Nasrin Islam,Rajshahi,2026-06-24,customer,320.17,"14,16,20,21",Df2af8d5e
U01992,Sabbir Chowdhury,Sylhet,2025-11-07,customer,895.84,"7,8,10,11,12,16",Ddbdee506
U01993,Ayesha Khan,Khulna,2026-06-17,customer,2455.05,"8,10,11,12,14,18",D57a9645f
U01994,Hasan Akter,Dhaka,2026-01-26,customer,2295.82,"8,10,13,14,15,19,20,21",D1b0c7518
U01995,Karim Akter,Khulna,2026-07-24,customer,881.67,"8,9,11,16,17,18,20,21",D2887bbb2
U01996,Dolly Islam,Narayanganj,2025-12-11,customer,244.59,"8,14,15,16,18,20,21",Dce600680
U01997,Jahid Khan,Comilla,2025-07-22,customer,644.04,"7,11,12,14,19",Df2a84b79
U01998,Nabila Islam,Barishal,2025-11-05,customer,908.72,"9,12,13,17,18,19,20,21",D06021b30
U01999,Nasrin Begum,Mymensingh,2025-05-16,customer,6376.67,"11,13,14,15,17,18,19,21",De9d1fa50
